cg.dll	5667432
CG\FixedFunction.cg	41718
CG\Landscape.cg	11646
CG\PostProcess.cg	0
CG\water.cg	8386
CG\XenonVideo.cg	1079
cgGL.dll	350824
Data\ALIEN-W3D.XOM	706
Data\ANIMTEST.XOM	4575
Data\APPLECORE-W3D.XOM	700
Data\ARABIATEST.XOM	257
Data\ASSAULTANDDEFEND.XOM	526
Data\Audio\EFMV\BuildingSiteSaboteurs.lsd	1662
Data\Audio\EFMV\CarpetCapers.lsd	1530
Data\Audio\EFMV\ChuteToVictory.lsd	1596
Data\Audio\EFMV\DestructAndServe.lsd	2371
Data\Audio\EFMV\DinerMight.lsd	2592
Data\Audio\EFMV\DoomCanyon.lsd	1150
Data\Audio\EFMV\EscapeFromTreeRex.lsd	1708
Data\Audio\EFMV\FastFoodDino.lsd	852
Data\Audio\EFMV\GhostHillGraveyard.lsd	1037
Data\Audio\EFMV\GibbonTake.lsd	1786
Data\Audio\EFMV\HighNoonHiJinx.lsd	1839
Data\Audio\EFMV\JoustAboutIt.lsd	1503
Data\Audio\EFMV\MineAllMine.lsd	1650
Data\Audio\EFMV\NiceToSiegeYou.lsd	2556
Data\Audio\EFMV\NoRoomForError.lsd	884
Data\Audio\EFMV\RobInTheHood.lsd	1005
Data\Audio\EFMV\SneakyBridgeThieves.lsd	1175
Data\Audio\EFMV\StormTheCastle.lsd	1514
Data\Audio\EFMV\TheCrateEscape.lsd	1387
Data\Audio\EFMV\TheLandThatWormsForgot.lsd	1709
Data\Audio\EFMV\TheWindyWizard.lsd	1770
Data\Audio\EFMV\TinCanWally.lsd	2931
Data\Audio\EFMV\TraitorousWaters.lsd	2211
Data\Audio\EFMV\TurkishDelights.lsd	1694
Data\Audio\EFMV\Tutorial1.lsd	369
Data\Audio\EFMV\Tutorial2.lsd	485
Data\Audio\EFMV\ValleyOfDinoWorms.lsd	2393
Data\Audio\PC\ambient.fsb	4897600
Data\Audio\PC\BuildingSiteSaboteurs.fsb	1438560
Data\Audio\PC\CarpetCapers.fsb	1457504
Data\Audio\PC\challengeaccuracy.fsb	573504
Data\Audio\PC\challengeaccuracy2.fsb	919552
Data\Audio\PC\ChallengeCrate.fsb	654272
Data\Audio\PC\ChallengeCrate2.fsb	812352
Data\Audio\PC\ChallengeIcarus.fsb	637504
Data\Audio\PC\ChallengeJetpack.fsb	281056
Data\Audio\PC\ChallengeJetpack2.fsb	817120
Data\Audio\PC\ChallengeNavigation.fsb	322016
Data\Audio\PC\ChallengeNavigation2.fsb	483136
Data\Audio\PC\ChallengeSheep.fsb	621792
Data\Audio\PC\ChallengeSheep2.fsb	555008
Data\Audio\PC\ChallengeShotgun.fsb	723232
Data\Audio\PC\ChallengeShotgun2.fsb	499936
Data\Audio\PC\ChallengeSniper.fsb	344480
Data\Audio\PC\ChallengeSniper2.fsb	601024
Data\Audio\PC\Cheer.fsb	905824
Data\Audio\PC\ChuteToVictory.fsb	2077440
Data\Audio\PC\Deathmatch1.fsb	371264
Data\Audio\PC\Deathmatch10.fsb	680736
Data\Audio\PC\Deathmatch11.fsb	884992
Data\Audio\PC\Deathmatch2.fsb	428576
Data\Audio\PC\Deathmatch3.fsb	508064
Data\Audio\PC\Deathmatch4.fsb	507008
Data\Audio\PC\Deathmatch5.fsb	423328
Data\Audio\PC\Deathmatch6.fsb	622784
Data\Audio\PC\Deathmatch7.fsb	597024
Data\Audio\PC\Deathmatch8.fsb	582208
Data\Audio\PC\Deathmatch9.fsb	1052704
Data\Audio\PC\Demo.fsb	2202720
Data\Audio\PC\DestructAndServe.fsb	2028640
Data\Audio\PC\DinerMight.fsb	5317632
Data\Audio\PC\DoomCanyon.fsb	1570784
Data\Audio\PC\EscapeFromTreeRex.fsb	1926848
Data\Audio\PC\Failures.fsb	554880
Data\Audio\PC\FastFoodDino.fsb	715936
Data\Audio\PC\frontendmusic.fsb	13433120
Data\Audio\PC\frontendsfx.fsb	754016
Data\Audio\PC\GhostHillGraveyard.fsb	1380352
Data\Audio\PC\GibbonTake.fsb	1716896
Data\Audio\PC\global.fsb	694720
Data\Audio\PC\HighNoonHiJinx.fsb	2307744
Data\Audio\PC\JoustAboutIt.fsb	2140256
Data\Audio\PC\MineAllMine.fsb	1749024
Data\Audio\PC\muArabian.fsb	5907104
Data\Audio\PC\muArctic.fsb	4847424
Data\Audio\PC\muCamelot.fsb	6075168
Data\Audio\PC\muConstruction.fsb	5575616
Data\Audio\PC\muEngland.fsb	5355872
Data\Audio\PC\muHorror.fsb	5680032
Data\Audio\PC\muLunar.fsb	5010304
Data\Audio\PC\muPirate.fsb	5243104
Data\Audio\PC\muPrehistoric.fsb	5947296
Data\Audio\PC\muSuddenDeath.fsb	2398208
Data\Audio\PC\muVictory.fsb	285664
Data\Audio\PC\muWar.fsb	4942432
Data\Audio\PC\muWildWest.fsb	5892480
Data\Audio\PC\NiceToSiegeYou.fsb	2190144
Data\Audio\PC\NoRoomForError.fsb	873024
Data\Audio\PC\RobInTheHood.fsb	1172224
Data\Audio\PC\SneakyBridgeThieves.fsb	996960
Data\Audio\PC\StormTheCastle.fsb	1577696
Data\Audio\PC\TheCrateEscape.fsb	1357120
Data\Audio\PC\TheLandThatWormsForgot.fsb	1631328
Data\Audio\PC\TheWindyWizard.fsb	1447904
Data\Audio\PC\TinCanWally.fsb	3141472
Data\Audio\PC\TraitorousWaters.fsb	2570048
Data\Audio\PC\TurkishDelights.fsb	1254688
Data\Audio\PC\Tutorial1.fsb	1582976
Data\Audio\PC\Tutorial2.fsb	582880
Data\Audio\PC\Tutorial3.fsb	1941760
Data\Audio\PC\ValleyOfDinoWorms.fsb	2125792
Data\Audio\PC\voalien.fsb	7690048
Data\Audio\PC\voastro.fsb	6214336
Data\Audio\PC\vobarre.fsb	4385280
Data\Audio\PC\voblues.fsb	6054112
Data\Audio\PC\vobobby.fsb	4366816
Data\Audio\PC\voBuild.fsb	5490720
Data\Audio\PC\vocad.fsb	1166592
Data\Audio\PC\voCave.fsb	2427296
Data\Audio\PC\voclassi.fsb	3445728
Data\Audio\PC\vocowbo.fsb	3715136
Data\Audio\PC\vocyber.fsb	4239072
Data\Audio\PC\vodevvo.fsb	3955008
Data\Audio\PC\voDino.fsb	5164480
Data\Audio\PC\vodisco.fsb	4090240
Data\Audio\PC\vodoubl.fsb	3461824
Data\Audio\PC\vofighter.fsb	3278080
Data\Audio\PC\vogshow.fsb	8877504
Data\Audio\PC\vohorro.fsb	5129664
Data\Audio\PC\voklein.fsb	6800512
Data\Audio\PC\voknigh.fsb	3549184
Data\Audio\PC\vol33t.fsb	1670848
Data\Audio\PC\vomeme.fsb	1290080
Data\Audio\PC\vopirate.fsb	4869248
Data\Audio\PC\voprofe.fsb	3795872
Data\Audio\PC\vorock.fsb	5829248
Data\Audio\PC\voRussian.fsb	11503840
Data\Audio\PC\voscot.fsb	3349504
Data\Audio\PC\voscous.fsb	2801920
Data\Audio\PC\vosuper.fsb	5626624
Data\Audio\PC\vothief.fsb	4315776
Data\Audio\PC\voWizar.fsb	3715040
Data\Audio\PC\weapons.fsb	16164768
Data\Audio\PC\WormsX.fev	1335648
Data\Audio\Speech\voalien.lsd	3213
Data\Audio\Speech\voastro.lsd	3179
Data\Audio\Speech\vobarre.lsd	2876
Data\Audio\Speech\voblues.lsd	3065
Data\Audio\Speech\vobobby.lsd	2914
Data\Audio\Speech\vobuild.lsd	3008
Data\Audio\Speech\vocad.lsd	2534
Data\Audio\Speech\vocave.lsd	2726
Data\Audio\Speech\voclassi.lsd	2982
Data\Audio\Speech\voconfu.lsd	2869
Data\Audio\Speech\vocowbo.lsd	2901
Data\Audio\Speech\vocyber.lsd	2797
Data\Audio\Speech\vodevvo.lsd	2910
Data\Audio\Speech\vodino.lsd	2811
Data\Audio\Speech\vodisco.lsd	2957
Data\Audio\Speech\vodoubl.lsd	2801
Data\Audio\Speech\vofighter.lsd	2816
Data\Audio\Speech\vogshow.lsd	3049
Data\Audio\Speech\vohorro.lsd	2894
Data\Audio\Speech\voklein.lsd	2955
Data\Audio\Speech\voknigh.lsd	2797
Data\Audio\Speech\vol33t.lsd	2591
Data\Audio\Speech\vomeme.lsd	2513
Data\Audio\Speech\vopirate.lsd	2655
Data\Audio\Speech\voprofe.lsd	2798
Data\Audio\Speech\vorock.lsd	2890
Data\Audio\Speech\voRussian.lsd	3377
Data\Audio\Speech\voscot.lsd	2829
Data\Audio\Speech\voscous.lsd	2799
Data\Audio\Speech\vosuper.lsd	2607
Data\Audio\Speech\vothief.lsd	2962
Data\Audio\Speech\vowhoop.lsd	2984
Data\Audio\Speech\vowizar.lsd	2733
Data\BALLOON-W3D.XOM	700
Data\BEANSTALK-W3D.XOM	701
Data\BOLDLY-W3D.XOM	696
Data\BOOSHEET.XOM	809
Data\BREAKFAST-W3D.XOM	701
Data\BUILDINGSITESABOTEURS.XOM	15757
Data\Bundles\Bundl00.xom	4277335
Data\Bundles\Bundl01.xom	178
Data\Bundles\Bundl02.xom	2754836
Data\Bundles\Bundl03.xom	43414688
Data\Bundles\Bundl04.xom	44839
Data\Bundles\Bundl05.xom	353963
Data\Bundles\Bundl06.xom	42537374
Data\Bundles\Bundl07.xom	13630867
Data\Bundles\Bundl08.xom	83675
Data\Bundles\Bundl09.xom	36260330
Data\Bundles\Bundl10.xom	23453359
Data\Bundles\Bundl100.xom	8532652
Data\Bundles\Bundl101.xom	8359003
Data\Bundles\Bundl102.xom	8327068
Data\Bundles\Bundl103.xom	8094747
Data\Bundles\Bundl104.xom	8105388
Data\Bundles\Bundl105.xom	8532367
Data\Bundles\Bundl106.xom	8449452
Data\Bundles\Bundl107.xom	7303298
Data\Bundles\Bundl108.xom	7006806
Data\Bundles\Bundl109.xom	8707770
Data\Bundles\Bundl11.xom	11642203
Data\Bundles\Bundl110.xom	5237301
Data\Bundles\Bundl111.xom	4112067
Data\Bundles\Bundl112.xom	9441793
Data\Bundles\Bundl113.xom	5265064
Data\Bundles\Bundl114.xom	5607644
Data\Bundles\Bundl115.xom	5237336
Data\Bundles\Bundl116.xom	5237329
Data\Bundles\Bundl117.xom	5052308
Data\Bundles\Bundl118.xom	5287173
Data\Bundles\Bundl119.xom	6867467
Data\Bundles\Bundl12.xom	6501
Data\Bundles\Bundl120.xom	6920735
Data\Bundles\Bundl121.xom	8896948
Data\Bundles\Bundl122.xom	8355586
Data\Bundles\Bundl123.xom	4000315
Data\Bundles\Bundl124.xom	8902981
Data\Bundles\Bundl125.xom	5237234
Data\Bundles\Bundl126.xom	3160452
Data\Bundles\Bundl127.xom	3305211
Data\Bundles\Bundl128.xom	3059434
Data\Bundles\Bundl129.xom	2737208
Data\Bundles\Bundl13.xom	15123884
Data\Bundles\Bundl130.xom	1894628
Data\Bundles\Bundl131.xom	1710438
Data\Bundles\Bundl132.xom	2865463
Data\Bundles\Bundl133.xom	2103670
Data\Bundles\Bundl134.xom	997648
Data\Bundles\Bundl135.xom	1360896
Data\Bundles\Bundl136.xom	536432
Data\Bundles\Bundl137.xom	659346
Data\Bundles\Bundl138.xom	681191
Data\Bundles\Bundl139.xom	941960
Data\Bundles\Bundl14.xom	16003291
Data\Bundles\Bundl140.xom	855962
Data\Bundles\Bundl141.xom	474975
Data\Bundles\Bundl142.xom	659346
Data\Bundles\Bundl143.xom	610185
Data\Bundles\Bundl144.xom	855962
Data\Bundles\Bundl145.xom	659346
Data\Bundles\Bundl146.xom	659346
Data\Bundles\Bundl147.xom	610185
Data\Bundles\Bundl148.xom	499567
Data\Bundles\Bundl149.xom	610185
Data\Bundles\Bundl15.xom	15069280
Data\Bundles\Bundl150.xom	352061
Data\Bundles\Bundl151.xom	561024
Data\Bundles\Bundl152.xom	499567
Data\Bundles\Bundl153.xom	877807
Data\Bundles\Bundl154.xom	597889
Data\Bundles\Bundl155.xom	659346
Data\Bundles\Bundl156.xom	681191
Data\Bundles\Bundl157.xom	626580
Data\Bundles\Bundl158.xom	178
Data\Bundles\Bundl159.xom	659346
Data\Bundles\Bundl16.xom	15845087
Data\Bundles\Bundl160.xom	561024
Data\Bundles\Bundl161.xom	1642426
Data\Bundles\Bundl162.xom	659346
Data\Bundles\Bundl163.xom	659346
Data\Bundles\Bundl164.xom	548728
Data\Bundles\Bundl165.xom	659346
Data\Bundles\Bundl166.xom	659346
Data\Bundles\Bundl167.xom	178
Data\Bundles\Bundl168.xom	178
Data\Bundles\Bundl169.xom	178
Data\Bundles\Bundl17.xom	15244115
Data\Bundles\Bundl170.xom	178
Data\Bundles\Bundl171.xom	178
Data\Bundles\Bundl172.xom	273202
Data\Bundles\Bundl173.xom	101229
Data\Bundles\Bundl174.xom	83224
Data\Bundles\Bundl175.xom	83232
Data\Bundles\Bundl176.xom	83233
Data\Bundles\Bundl177.xom	83233
Data\Bundles\Bundl178.xom	83241
Data\Bundles\Bundl179.xom	83248
Data\Bundles\Bundl18.xom	4201721
Data\Bundles\Bundl180.xom	83247
Data\Bundles\Bundl181.xom	83249
Data\Bundles\Bundl182.xom	78879
Data\Bundles\Bundl183.xom	78886
Data\Bundles\Bundl184.xom	78894
Data\Bundles\Bundl185.xom	78886
Data\Bundles\Bundl186.xom	78890
Data\Bundles\Bundl187.xom	78885
Data\Bundles\Bundl188.xom	78903
Data\Bundles\Bundl189.xom	82638
Data\Bundles\Bundl19.xom	4321956
Data\Bundles\Bundl190.xom	82848
Data\Bundles\Bundl191.xom	79809
Data\Bundles\Bundl192.xom	80625
Data\Bundles\Bundl193.xom	31251
Data\Bundles\Bundl194.xom	78879
Data\Bundles\Bundl195.xom	80162
Data\Bundles\Bundl196.xom	80854
Data\Bundles\Bundl197.xom	80863
Data\Bundles\Bundl198.xom	80860
Data\Bundles\Bundl199.xom	80862
Data\Bundles\Bundl20.xom	3645861
Data\Bundles\Bundl200.xom	84943
Data\Bundles\Bundl201.xom	97522
Data\Bundles\Bundl202.xom	91460
Data\Bundles\Bundl203.xom	78187
Data\Bundles\Bundl204.xom	95301
Data\Bundles\Bundl205.xom	86219
Data\Bundles\Bundl206.xom	83240
Data\Bundles\Bundl207.xom	95222
Data\Bundles\Bundl208.xom	93528
Data\Bundles\Bundl209.xom	77916
Data\Bundles\Bundl21.xom	3932608
Data\Bundles\Bundl210.xom	48097
Data\Bundles\Bundl211.xom	80788
Data\Bundles\Bundl212.xom	57764
Data\Bundles\Bundl213.xom	57772
Data\Bundles\Bundl214.xom	57775
Data\Bundles\Bundl215.xom	57770
Data\Bundles\Bundl216.xom	85216
Data\Bundles\Bundl217.xom	80734
Data\Bundles\Bundl218.xom	81402
Data\Bundles\Bundl219.xom	27472
Data\Bundles\Bundl22.xom	4693659
Data\Bundles\Bundl220.xom	27480
Data\Bundles\Bundl221.xom	27481
Data\Bundles\Bundl222.xom	27481
Data\Bundles\Bundl223.xom	88263
Data\Bundles\Bundl224.xom	80080
Data\Bundles\Bundl225.xom	88104
Data\Bundles\Bundl226.xom	83541
Data\Bundles\Bundl227.xom	92829
Data\Bundles\Bundl228.xom	88686
Data\Bundles\Bundl229.xom	84200
Data\Bundles\Bundl23.xom	4365628
Data\Bundles\Bundl230.xom	84208
Data\Bundles\Bundl231.xom	84214
Data\Bundles\Bundl232.xom	84207
Data\Bundles\Bundl233.xom	78663
Data\Bundles\Bundl234.xom	83429
Data\Bundles\Bundl235.xom	92642
Data\Bundles\Bundl236.xom	79814
Data\Bundles\Bundl237.xom	79821
Data\Bundles\Bundl238.xom	79823
Data\Bundles\Bundl239.xom	79820
Data\Bundles\Bundl24.xom	1922193
Data\Bundles\Bundl240.xom	276013
Data\Bundles\Bundl241.xom	276003
Data\Bundles\Bundl242.xom	275999
Data\Bundles\Bundl243.xom	178
Data\Bundles\Bundl244.xom	286846
Data\Bundles\Bundl245.xom	286124
Data\Bundles\Bundl246.xom	282289
Data\Bundles\Bundl247.xom	299618
Data\Bundles\Bundl248.xom	299289
Data\Bundles\Bundl249.xom	178
Data\Bundles\Bundl25.xom	1794020
Data\Bundles\Bundl250.xom	178
Data\Bundles\Bundl251.xom	178
Data\Bundles\Bundl252.xom	82562
Data\Bundles\Bundl253.xom	87885
Data\Bundles\Bundl254.xom	87894
Data\Bundles\Bundl255.xom	87891
Data\Bundles\Bundl256.xom	87894
Data\Bundles\Bundl257.xom	29454
Data\Bundles\Bundl258.xom	29070
Data\Bundles\Bundl259.xom	84983
Data\Bundles\Bundl26.xom	1108184
Data\Bundles\Bundl260.xom	84991
Data\Bundles\Bundl261.xom	84989
Data\Bundles\Bundl262.xom	84991
Data\Bundles\Bundl263.xom	91614
Data\Bundles\Bundl264.xom	76372
Data\Bundles\Bundl265.xom	90126
Data\Bundles\Bundl266.xom	90119
Data\Bundles\Bundl267.xom	36004
Data\Bundles\Bundl268.xom	85181
Data\Bundles\Bundl269.xom	85175
Data\Bundles\Bundl27.xom	892995
Data\Bundles\Bundl270.xom	85177
Data\Bundles\Bundl271.xom	83566
Data\Bundles\Bundl272.xom	83575
Data\Bundles\Bundl273.xom	83575
Data\Bundles\Bundl274.xom	83575
Data\Bundles\Bundl275.xom	74853
Data\Bundles\Bundl276.xom	74863
Data\Bundles\Bundl277.xom	74861
Data\Bundles\Bundl278.xom	74865
Data\Bundles\Bundl279.xom	280029
Data\Bundles\Bundl28.xom	1594127
Data\Bundles\Bundl280.xom	286750
Data\Bundles\Bundl281.xom	285295
Data\Bundles\Bundl282.xom	295202
Data\Bundles\Bundl283.xom	103670
Data\Bundles\Bundl284.xom	317873
Data\Bundles\Bundl285.xom	559482
Data\Bundles\Bundl286.xom	288649
Data\Bundles\Bundl287.xom	178
Data\Bundles\Bundl288.xom	25084
Data\Bundles\Bundl289.xom	74257
Data\Bundles\Bundl29.xom	297387
Data\Bundles\Bundl290.xom	74255
Data\Bundles\Bundl291.xom	74253
Data\Bundles\Bundl292.xom	26141
Data\Bundles\Bundl293.xom	26005
Data\Bundles\Bundl294.xom	26017
Data\Bundles\Bundl295.xom	26015
Data\Bundles\Bundl296.xom	26017
Data\Bundles\Bundl297.xom	28364
Data\Bundles\Bundl298.xom	28376
Data\Bundles\Bundl299.xom	28374
Data\Bundles\Bundl30.xom	731318
Data\Bundles\Bundl300.xom	28372
Data\Bundles\Bundl301.xom	75165
Data\Bundles\Bundl302.xom	26016
Data\Bundles\Bundl303.xom	22224
Data\Bundles\Bundl304.xom	22226
Data\Bundles\Bundl305.xom	22220
Data\Bundles\Bundl306.xom	22224
Data\Bundles\Bundl307.xom	24765
Data\Bundles\Bundl308.xom	76166
Data\Bundles\Bundl309.xom	76178
Data\Bundles\Bundl31.xom	743865
Data\Bundles\Bundl310.xom	76176
Data\Bundles\Bundl311.xom	76174
Data\Bundles\Bundl312.xom	178
Data\Bundles\Bundl313.xom	178
Data\Bundles\Bundl314.xom	178
Data\Bundles\Bundl315.xom	90696
Data\Bundles\Bundl316.xom	132999
Data\Bundles\Bundl317.xom	133011
Data\Bundles\Bundl318.xom	133007
Data\Bundles\Bundl319.xom	133011
Data\Bundles\Bundl32.xom	1515153
Data\Bundles\Bundl320.xom	142539
Data\Bundles\Bundl321.xom	190828
Data\Bundles\Bundl322.xom	205394
Data\Bundles\Bundl323.xom	140123
Data\Bundles\Bundl324.xom	140133
Data\Bundles\Bundl325.xom	140135
Data\Bundles\Bundl326.xom	140135
Data\Bundles\Bundl327.xom	191483
Data\Bundles\Bundl328.xom	191495
Data\Bundles\Bundl329.xom	191495
Data\Bundles\Bundl33.xom	816192
Data\Bundles\Bundl330.xom	191495
Data\Bundles\Bundl331.xom	194091
Data\Bundles\Bundl332.xom	194101
Data\Bundles\Bundl333.xom	194103
Data\Bundles\Bundl334.xom	194099
Data\Bundles\Bundl335.xom	214475
Data\Bundles\Bundl336.xom	84438
Data\Bundles\Bundl337.xom	84448
Data\Bundles\Bundl338.xom	84454
Data\Bundles\Bundl339.xom	84448
Data\Bundles\Bundl34.xom	788199
Data\Bundles\Bundl340.xom	119646
Data\Bundles\Bundl341.xom	195981
Data\Bundles\Bundl342.xom	195990
Data\Bundles\Bundl343.xom	195988
Data\Bundles\Bundl344.xom	195990
Data\Bundles\Bundl345.xom	315686
Data\Bundles\Bundl346.xom	325769
Data\Bundles\Bundl347.xom	309207
Data\Bundles\Bundl348.xom	321783
Data\Bundles\Bundl349.xom	333576
Data\Bundles\Bundl35.xom	178
Data\Bundles\Bundl350.xom	314636
Data\Bundles\Bundl351.xom	378553
Data\Bundles\Bundl352.xom	319314
Data\Bundles\Bundl353.xom	178
Data\Bundles\Bundl354.xom	102401
Data\Bundles\Bundl355.xom	94987
Data\Bundles\Bundl356.xom	55755
Data\Bundles\Bundl357.xom	89527
Data\Bundles\Bundl358.xom	79238
Data\Bundles\Bundl359.xom	99785
Data\Bundles\Bundl36.xom	512731
Data\Bundles\Bundl360.xom	150311
Data\Bundles\Bundl361.xom	104363
Data\Bundles\Bundl362.xom	101244
Data\Bundles\Bundl363.xom	116115
Data\Bundles\Bundl364.xom	81552
Data\Bundles\Bundl365.xom	83127
Data\Bundles\Bundl366.xom	78547
Data\Bundles\Bundl367.xom	126821
Data\Bundles\Bundl368.xom	104988
Data\Bundles\Bundl369.xom	80891
Data\Bundles\Bundl37.xom	343953
Data\Bundles\Bundl370.xom	445321
Data\Bundles\Bundl371.xom	473111
Data\Bundles\Bundl372.xom	320507
Data\Bundles\Bundl373.xom	321279
Data\Bundles\Bundl374.xom	380927
Data\Bundles\Bundl375.xom	178
Data\Bundles\Bundl376.xom	289818
Data\Bundles\Bundl377.xom	292608
Data\Bundles\Bundl378.xom	282000
Data\Bundles\Bundl379.xom	287405
Data\Bundles\Bundl38.xom	671682
Data\Bundles\Bundl380.xom	289924
Data\Bundles\Bundl381.xom	292610
Data\Bundles\Bundl382.xom	282002
Data\Bundles\Bundl383.xom	287407
Data\Bundles\Bundl384.xom	280979
Data\Bundles\Bundl385.xom	297296
Data\Bundles\Bundl386.xom	281342
Data\Bundles\Bundl387.xom	543508
Data\Bundles\Bundl388.xom	281085
Data\Bundles\Bundl389.xom	297298
Data\Bundles\Bundl39.xom	544620
Data\Bundles\Bundl390.xom	281384
Data\Bundles\Bundl391.xom	280957
Data\Bundles\Bundl392.xom	273639
Data\Bundles\Bundl393.xom	284036
Data\Bundles\Bundl394.xom	272934
Data\Bundles\Bundl395.xom	296182
Data\Bundles\Bundl396.xom	273641
Data\Bundles\Bundl397.xom	284038
Data\Bundles\Bundl398.xom	272456
Data\Bundles\Bundl399.xom	295832
Data\Bundles\Bundl40.xom	791052
Data\Bundles\Bundl400.xom	274252
Data\Bundles\Bundl401.xom	331137
Data\Bundles\Bundl402.xom	276976
Data\Bundles\Bundl403.xom	296631
Data\Bundles\Bundl404.xom	274254
Data\Bundles\Bundl405.xom	331139
Data\Bundles\Bundl406.xom	276978
Data\Bundles\Bundl407.xom	296633
Data\Bundles\Bundl408.xom	178
Data\Bundles\Bundl409.xom	1461
Data\Bundles\Bundl41.xom	375295
Data\Bundles\Bundl410.xom	30151
Data\Bundles\Bundl411.xom	41016
Data\Bundles\Bundl412.xom	113425
Data\Bundles\Bundl413.xom	78137
Data\Bundles\Bundl414.xom	36312
Data\Bundles\Bundl415.xom	76038
Data\Bundles\Bundl416.xom	12888
Data\Bundles\Bundl417.xom	84849
Data\Bundles\Bundl418.xom	81503
Data\Bundles\Bundl419.xom	41292
Data\Bundles\Bundl42.xom	149040
Data\Bundles\Bundl420.xom	95614
Data\Bundles\Bundl421.xom	89398
Data\Bundles\Bundl422.xom	84888
Data\Bundles\Bundl423.xom	75793
Data\Bundles\Bundl424.xom	92492
Data\Bundles\Bundl425.xom	106130
Data\Bundles\Bundl426.xom	106900
Data\Bundles\Bundl427.xom	98097
Data\Bundles\Bundl428.xom	81393
Data\Bundles\Bundl429.xom	178
Data\Bundles\Bundl43.xom	8185
Data\Bundles\Bundl430.xom	115476
Data\Bundles\Bundl431.xom	78695
Data\Bundles\Bundl432.xom	78437
Data\Bundles\Bundl433.xom	77497
Data\Bundles\Bundl434.xom	40647
Data\Bundles\Bundl435.xom	80912
Data\Bundles\Bundl436.xom	81088
Data\Bundles\Bundl437.xom	88066
Data\Bundles\Bundl438.xom	84090
Data\Bundles\Bundl439.xom	88248
Data\Bundles\Bundl44.xom	8185
Data\Bundles\Bundl440.xom	66312
Data\Bundles\Bundl441.xom	94893
Data\Bundles\Bundl442.xom	87760
Data\Bundles\Bundl443.xom	88658
Data\Bundles\Bundl444.xom	80053
Data\Bundles\Bundl445.xom	80398
Data\Bundles\Bundl446.xom	78930
Data\Bundles\Bundl447.xom	91418
Data\Bundles\Bundl448.xom	87052
Data\Bundles\Bundl449.xom	86056
Data\Bundles\Bundl45.xom	2472963
Data\Bundles\Bundl450.xom	88182
Data\Bundles\Bundl451.xom	43037
Data\Bundles\Bundl452.xom	87296
Data\Bundles\Bundl453.xom	86636
Data\Bundles\Bundl454.xom	48418
Data\Bundles\Bundl455.xom	64586
Data\Bundles\Bundl456.xom	91806
Data\Bundles\Bundl457.xom	84852
Data\Bundles\Bundl458.xom	78420
Data\Bundles\Bundl459.xom	91250
Data\Bundles\Bundl46.xom	1711299
Data\Bundles\Bundl460.xom	90606
Data\Bundles\Bundl461.xom	84840
Data\Bundles\Bundl462.xom	106524
Data\Bundles\Bundl463.xom	81985
Data\Bundles\Bundl464.xom	95759
Data\Bundles\Bundl465.xom	79722
Data\Bundles\Bundl466.xom	277521
Data\Bundles\Bundl467.xom	283477
Data\Bundles\Bundl468.xom	283081
Data\Bundles\Bundl469.xom	285599
Data\Bundles\Bundl47.xom	1300795
Data\Bundles\Bundl470.xom	308699
Data\Bundles\Bundl471.xom	178
Data\Bundles\Bundl472.xom	1066713
Data\Bundles\Bundl473.xom	1066722
Data\Bundles\Bundl474.xom	7512748
Data\Bundles\Bundl48.xom	688708
Data\Bundles\Bundl49.xom	668889
Data\Bundles\Bundl50.xom	965865
Data\Bundles\Bundl51.xom	178
Data\Bundles\Bundl52.xom	178
Data\Bundles\Bundl53.xom	178
Data\Bundles\Bundl54.xom	178
Data\Bundles\Bundl55.xom	178
Data\Bundles\Bundl56.xom	178
Data\Bundles\Bundl57.xom	800111
Data\Bundles\Bundl58.xom	732346
Data\Bundles\Bundl59.xom	734520
Data\Bundles\Bundl60.xom	835440
Data\Bundles\Bundl61.xom	901800
Data\Bundles\Bundl62.xom	178
Data\Bundles\Bundl63.xom	178
Data\Bundles\Bundl64.xom	178
Data\Bundles\Bundl65.xom	178
Data\Bundles\Bundl66.xom	178
Data\Bundles\Bundl67.xom	178
Data\Bundles\Bundl68.xom	273296
Data\Bundles\Bundl69.xom	273302
Data\Bundles\Bundl70.xom	883609
Data\Bundles\Bundl71.xom	404465
Data\Bundles\Bundl72.xom	491500
Data\Bundles\Bundl73.xom	302884
Data\Bundles\Bundl74.xom	226898
Data\Bundles\Bundl75.xom	2562202
Data\Bundles\Bundl76.xom	749823
Data\Bundles\Bundl77.xom	926949
Data\Bundles\Bundl78.xom	353718
Data\Bundles\Bundl79.xom	227712
Data\Bundles\Bundl80.xom	1893496
Data\Bundles\Bundl81.xom	338004
Data\Bundles\Bundl82.xom	360418
Data\Bundles\Bundl83.xom	257497
Data\Bundles\Bundl84.xom	149656
Data\Bundles\Bundl85.xom	1374528
Data\Bundles\Bundl86.xom	439521
Data\Bundles\Bundl87.xom	537597
Data\Bundles\Bundl88.xom	267772
Data\Bundles\Bundl89.xom	267778
Data\Bundles\Bundl90.xom	1725830
Data\Bundles\Bundl91.xom	439195
Data\Bundles\Bundl92.xom	445320
Data\Bundles\Bundl93.xom	8033555
Data\Bundles\Bundl94.xom	9446768
Data\Bundles\Bundl95.xom	8707225
Data\Bundles\Bundl96.xom	8335215
Data\Bundles\Bundl97.xom	8325831
Data\Bundles\Bundl98.xom	8024056
Data\Bundles\Bundl99.xom	9093467
Data\CARPETCAPERS.XOM	14857
Data\CHALLENGEACCURACY.XOM	9131
Data\CHALLENGEACCURACY2.XOM	12644
Data\CHALLENGECRATE.XOM	5182
Data\CHALLENGECRATE2.XOM	6029
Data\CHALLENGEICARUS.XOM	5428
Data\CHALLENGEJETPACK.XOM	7069
Data\CHALLENGEJETPACK2.XOM	15727
Data\CHALLENGENAVIGATION.XOM	7126
Data\CHALLENGENAVIGATION2.XOM	6667
Data\CHALLENGESHEEP.XOM	6659
Data\CHALLENGESHEEP2.XOM	11994
Data\CHALLENGESHOTGUN.XOM	5522
Data\CHALLENGESHOTGUN2.XOM	12761
Data\CHALLENGESNIPER.XOM	5163
Data\CHALLENGESNIPER2.XOM	9322
Data\CHERRY-W3D.XOM	702
Data\CHUTETOVICTORY.XOM	10058
Data\CLEAN-W3D.XOM	697
Data\COLLIDE-W3D.XOM	707
Data\COOPED-W3D.XOM	712
Data\COUNTINGSHEEP-W3D.XOM	707
Data\CRATEBRITAIN-W3D.XOM	704
Data\CROPCIRCLE-W3D.XOM	702
Data\CRUST-W3D.XOM	708
Data\DDAY-W3D.XOM	920
Data\DEATHMATCH1.XOM	8798
Data\DEATHMATCH10.XOM	9705
Data\DEATHMATCH10-W3D.XOM	705
Data\DEATHMATCH11.XOM	14543
Data\DEATHMATCH1-W3D.XOM	698
Data\DEATHMATCH2.XOM	8735
Data\DEATHMATCH2-W3D.XOM	674
Data\DEATHMATCH3.XOM	9897
Data\DEATHMATCH3-W3D.XOM	698
Data\DEATHMATCH4.XOM	9064
Data\DEATHMATCH4-W3D.XOM	698
Data\DEATHMATCH5.XOM	9373
Data\DEATHMATCH5-W3D.XOM	705
Data\DEATHMATCH6.XOM	9092
Data\DEATHMATCH6-W3D.XOM	696
Data\DEATHMATCH7.XOM	9981
Data\DEATHMATCH7-W3D.XOM	674
Data\DEATHMATCH8.XOM	8992
Data\DEATHMATCH8-W3D.XOM	705
Data\DEATHMATCH9.XOM	11250
Data\DEATHMATCH9-W3D.XOM	796
Data\DEMO_MISSION.XOM	12629
Data\DEMO_MULTIPLAYER.XOM	18094
Data\DEMO_ONLINE.XOM	4911
Data\DESTRUCTANDSERVE.XOM	26453
Data\DINERMIGHT.XOM	19743
Data\DOOMCANYON.XOM	13420
Data\DRIVINGRANGE-W3D.XOM	708
Data\ESCAPEFROMTREEREX.XOM	14374
Data\FALLING-W3D.XOM	696
Data\FASTFOODDINO.XOM	8932
Data\FMV\ntsc\English\Arabian.wmv	48373277
Data\FMV\ntsc\English\Camelot.wmv	51363244
Data\FMV\ntsc\English\Jurassic.wmv	118705419
Data\FMV\ntsc\English\Meet_The_Professor.wmv	62947572
Data\FMV\ntsc\English\Welcome.wmv	9050437
Data\FMV\ntsc\English\WildWest.wmv	45270270
Data\FMV\ntsc\Logos\Team17NTSC.wmv	11590911
Data\FMV\ntsc\OuttakeDestructAndServe.wmv	6516389
Data\FMV\ntsc\OuttakeGhostHillGraveyard.wmv	2852534
Data\FMV\ntsc\OuttakeJoustAboutIt.wmv	5186288
Data\FMV\ntsc\OuttakeMineAllMine.wmv	5063194
Data\FMV\ntsc\OuttakeRecordingBooth_01.wmv	1582262
Data\FMV\ntsc\OuttakeRecordingBooth_02.wmv	5041607
Data\FMV\ntsc\OuttakeRecordingBooth_03.wmv	3732195
Data\FMV\ntsc\OuttakeRecordingBooth_04.wmv	3486677
Data\FMV\ntsc\OuttakeRecordingBooth_05.wmv	2442140
Data\FMV\ntsc\OuttakeRecordingBooth_06.wmv	1459634
Data\FMV\ntsc\OuttakeRecordingBooth_07.wmv	1336946
Data\FMV\ntsc\OuttakeRecordingBooth_08.wmv	7375135
Data\FMV\ntsc\OuttakeRecordingBooth_09.wmv	2748953
Data\FMV\ntsc\OuttakeRecordingBooth_10.wmv	3976869
Data\FMV\ntsc\OuttakeRecordingBooth_11.wmv	1705338
Data\FMV\ntsc\OuttakeRecordingBooth_12.wmv	1746392
Data\FMV\ntsc\OuttakeRecordingBooth_13.wmv	3301484
Data\FMV\ntsc\OuttakeRecordingBooth_14.wmv	3813729
Data\FMV\ntsc\OuttakeRecordingBooth_15.wmv	3649513
Data\FMV\ntsc\OuttakeRecordingBooth_16.wmv	3035377
Data\FMV\ntsc\OuttakeTheLandThatWormsForgot.wmv	10179274
Data\FMV\ntsc\OuttakeTinCanWally.wmv	4530416
Data\Frontend\Gallery\GalleryImage_UnlockedMission0.tga	1572908
Data\Frontend\Gallery\GalleryImage_UnlockedMission1.tga	1572908
Data\Frontend\Gallery\GalleryImage_UnlockedMission10.tga	1572908
Data\Frontend\Gallery\GalleryImage_UnlockedMission11.tga	1572908
Data\Frontend\Gallery\GalleryImage_UnlockedMission12.tga	1572908
Data\Frontend\Gallery\GalleryImage_UnlockedMission13.tga	1572908
Data\Frontend\Gallery\GalleryImage_UnlockedMission14.tga	1572908
Data\Frontend\Gallery\GalleryImage_UnlockedMission15.tga	1572908
Data\Frontend\Gallery\GalleryImage_UnlockedMission16.tga	1572908
Data\Frontend\Gallery\GalleryImage_UnlockedMission17.tga	1572908
Data\Frontend\Gallery\GalleryImage_UnlockedMission18.tga	1572908
Data\Frontend\Gallery\GalleryImage_UnlockedMission19.tga	1572908
Data\Frontend\Gallery\GalleryImage_UnlockedMission2.tga	1572908
Data\Frontend\Gallery\GalleryImage_UnlockedMission20.tga	1572908
Data\Frontend\Gallery\GalleryImage_UnlockedMission21.tga	1572908
Data\Frontend\Gallery\GalleryImage_UnlockedMission22.tga	1572908
Data\Frontend\Gallery\GalleryImage_UnlockedMission23.tga	1572908
Data\Frontend\Gallery\GalleryImage_UnlockedMission24.tga	1572908
Data\Frontend\Gallery\GalleryImage_UnlockedMission25.tga	1572908
Data\Frontend\Gallery\GalleryImage_UnlockedMission26.tga	1572908
Data\Frontend\Gallery\GalleryImage_UnlockedMission27.tga	1572908
Data\Frontend\Gallery\GalleryImage_UnlockedMission28.tga	1572908
Data\Frontend\Gallery\GalleryImage_UnlockedMission29.tga	1572908
Data\Frontend\Gallery\GalleryImage_UnlockedMission3.tga	1572908
Data\Frontend\Gallery\GalleryImage_UnlockedMission30.tga	1572908
Data\Frontend\Gallery\GalleryImage_UnlockedMission31.tga	1572908
Data\Frontend\Gallery\GalleryImage_UnlockedMission32.tga	1572908
Data\Frontend\Gallery\GalleryImage_UnlockedMission33.tga	1572908
Data\Frontend\Gallery\GalleryImage_UnlockedMission34.tga	1572908
Data\Frontend\Gallery\GalleryImage_UnlockedMission35.tga	1572908
Data\Frontend\Gallery\GalleryImage_UnlockedMission4.tga	1572908
Data\Frontend\Gallery\GalleryImage_UnlockedMission5.tga	1572908
Data\Frontend\Gallery\GalleryImage_UnlockedMission6.tga	1572908
Data\Frontend\Gallery\GalleryImage_UnlockedMission7.tga	1572908
Data\Frontend\Gallery\GalleryImage_UnlockedMission8.tga	1572908
Data\Frontend\Gallery\GalleryImage_UnlockedMission9.tga	1572908
Data\Frontend\Gallery\GalleryMission0_Locked.tga	16428
Data\Frontend\Gallery\GalleryMission0_UnLocked.tga	16428
Data\Frontend\Gallery\GalleryMission1_Locked.tga	16428
Data\Frontend\Gallery\GalleryMission1_UnLocked.tga	16428
Data\Frontend\Gallery\GalleryMission10_Locked.tga	16428
Data\Frontend\Gallery\GalleryMission10_UnLocked.tga	16428
Data\Frontend\Gallery\GalleryMission11_Locked.tga	16428
Data\Frontend\Gallery\GalleryMission11_UnLocked.tga	16428
Data\Frontend\Gallery\GalleryMission12_Locked.tga	16428
Data\Frontend\Gallery\GalleryMission12_UnLocked.tga	16428
Data\Frontend\Gallery\GalleryMission13_Locked.tga	16428
Data\Frontend\Gallery\GalleryMission13_UnLocked.tga	16428
Data\Frontend\Gallery\GalleryMission14_Locked.tga	16428
Data\Frontend\Gallery\GalleryMission14_UnLocked.tga	16428
Data\Frontend\Gallery\GalleryMission15_Locked.tga	16428
Data\Frontend\Gallery\GalleryMission15_UnLocked.tga	16428
Data\Frontend\Gallery\GalleryMission16_Locked.tga	16428
Data\Frontend\Gallery\GalleryMission16_UnLocked.tga	16428
Data\Frontend\Gallery\GalleryMission17_Locked.tga	16428
Data\Frontend\Gallery\GalleryMission17_UnLocked.tga	16428
Data\Frontend\Gallery\GalleryMission18_Locked.tga	16428
Data\Frontend\Gallery\GalleryMission18_UnLocked.tga	16428
Data\Frontend\Gallery\GalleryMission19_Locked.tga	16428
Data\Frontend\Gallery\GalleryMission19_UnLocked.tga	16428
Data\Frontend\Gallery\GalleryMission2_Locked.tga	16428
Data\Frontend\Gallery\GalleryMission2_UnLocked.tga	16428
Data\Frontend\Gallery\GalleryMission20_Locked.tga	16428
Data\Frontend\Gallery\GalleryMission20_UnLocked.tga	16428
Data\Frontend\Gallery\GalleryMission21_Locked.tga	16428
Data\Frontend\Gallery\GalleryMission21_UnLocked.tga	16428
Data\Frontend\Gallery\GalleryMission22_Locked.tga	16428
Data\Frontend\Gallery\GalleryMission22_UnLocked.tga	16428
Data\Frontend\Gallery\GalleryMission23_Locked.tga	16428
Data\Frontend\Gallery\GalleryMission23_UnLocked.tga	16428
Data\Frontend\Gallery\GalleryMission24_Locked.tga	16428
Data\Frontend\Gallery\GalleryMission24_UnLocked.tga	16428
Data\Frontend\Gallery\GalleryMission25_Locked.tga	16428
Data\Frontend\Gallery\GalleryMission25_UnLocked.tga	16428
Data\Frontend\Gallery\GalleryMission26_Locked.tga	16428
Data\Frontend\Gallery\GalleryMission26_UnLocked.tga	16428
Data\Frontend\Gallery\GalleryMission27_Locked.tga	16428
Data\Frontend\Gallery\GalleryMission27_UnLocked.tga	16428
Data\Frontend\Gallery\GalleryMission28_Locked.tga	16428
Data\Frontend\Gallery\GalleryMission28_UnLocked.tga	16428
Data\Frontend\Gallery\GalleryMission29_Locked.tga	16428
Data\Frontend\Gallery\GalleryMission29_UnLocked.tga	16428
Data\Frontend\Gallery\GalleryMission3_Locked.tga	16428
Data\Frontend\Gallery\GalleryMission3_UnLocked.tga	16428
Data\Frontend\Gallery\GalleryMission30_Locked.tga	16428
Data\Frontend\Gallery\GalleryMission30_UnLocked.tga	16428
Data\Frontend\Gallery\GalleryMission31_Locked.tga	16428
Data\Frontend\Gallery\GalleryMission31_UnLocked.tga	16428
Data\Frontend\Gallery\GalleryMission32_Locked.tga	16428
Data\Frontend\Gallery\GalleryMission32_UnLocked.tga	16428
Data\Frontend\Gallery\GalleryMission33_Locked.tga	16428
Data\Frontend\Gallery\GalleryMission33_UnLocked.tga	16428
Data\Frontend\Gallery\GalleryMission34_Locked.tga	16428
Data\Frontend\Gallery\GalleryMission34_UnLocked.tga	16428
Data\Frontend\Gallery\GalleryMission35_Locked.tga	16428
Data\Frontend\Gallery\GalleryMission35_UnLocked.tga	16428
Data\Frontend\Gallery\GalleryMission4_Locked.tga	16428
Data\Frontend\Gallery\GalleryMission4_UnLocked.tga	16428
Data\Frontend\Gallery\GalleryMission5_Locked.tga	16428
Data\Frontend\Gallery\GalleryMission5_UnLocked.tga	16428
Data\Frontend\Gallery\GalleryMission6_Locked.tga	16428
Data\Frontend\Gallery\GalleryMission6_UnLocked.tga	16428
Data\Frontend\Gallery\GalleryMission7_Locked.tga	16428
Data\Frontend\Gallery\GalleryMission7_UnLocked.tga	16428
Data\Frontend\Gallery\GalleryMission8_Locked.tga	16428
Data\Frontend\Gallery\GalleryMission8_UnLocked.tga	16428
Data\Frontend\Gallery\GalleryMission9_Locked.tga	16428
Data\Frontend\Gallery\GalleryMission9_UnLocked.tga	16428
Data\Frontend\Gallery\GalleryPlaceholder.tga	82
Data\Frontend\Levels\BuildingSiteSaboteurs.tga	262188
Data\Frontend\Levels\CarpetCapers.tga	262188
Data\Frontend\Levels\Challenge03.tga	262188
Data\Frontend\Levels\Challenge06.tga	262188
Data\Frontend\Levels\Challenge07.tga	262188
Data\Frontend\Levels\Challenge09.tga	262188
Data\Frontend\Levels\Challenge10.tga	262188
Data\Frontend\Levels\ChallengeAccuracy2.tga	262188
Data\Frontend\Levels\ChallengeCrate2.tga	262188
Data\Frontend\Levels\ChallengeJetpack2.tga	262188
Data\Frontend\Levels\ChallengeNavigation2.tga	262188
Data\Frontend\Levels\ChallengeSheep2.tga	262188
Data\Frontend\Levels\ChallengeShotgun2.tga	262188
Data\Frontend\Levels\ChallengeSniper2.tga	262188
Data\Frontend\Levels\Chute1_w3d.tga	262188
Data\Frontend\Levels\Chute2_w3d.tga	262188
Data\Frontend\Levels\Chute3_w3d.tga	262188
Data\Frontend\Levels\ChuteToVictory.tga	262188
Data\Frontend\Levels\Deathmatch05.tga	262188
Data\Frontend\Levels\Deathmatch07.tga	262188
Data\Frontend\Levels\Deathmatch10.tga	262188
Data\Frontend\Levels\DeathMatch11.tga	262188
Data\Frontend\Levels\Default256x256.tga	262188
Data\Frontend\Levels\DestructAndServe.tga	262188
Data\Frontend\Levels\DinerMight.tga	262188
Data\Frontend\Levels\DoomCanyon.tga	262188
Data\Frontend\Levels\EscapeFromTreeRex.tga	262188
Data\Frontend\Levels\FastFoodDino.tga	262188
Data\Frontend\Levels\GhostHillGraveyard.tga	262188
Data\Frontend\Levels\GibbonTake.tga	262188
Data\Frontend\Levels\HighNoonHiJinx.tga	262188
Data\Frontend\Levels\JetpackChall1_w3d.tga	262188
Data\Frontend\Levels\JetpackChall2_w3d.tga	262188
Data\Frontend\Levels\JetpackChall3_w3d.tga	262188
Data\Frontend\Levels\JoustAboutIt.tga	262188
Data\Frontend\Levels\Level ARABIAN.tga	262188
Data\Frontend\Levels\Level BUILDING.tga	262188
Data\Frontend\Levels\Level CAMELOT.tga	262188
Data\Frontend\Levels\Level PREHISTORIC.tga	262188
Data\Frontend\Levels\Level WILDWEST.tga	262188
Data\Frontend\Levels\MineAllMine.tga	262188
Data\Frontend\Levels\Mission Complete.tga	65580
Data\Frontend\Levels\Mission_ACI.tga	262188
Data\Frontend\Levels\Mission_ACU.tga	262188
Data\Frontend\Levels\Mission_AJS.tga	262188
Data\Frontend\Levels\Mission_AQF.tga	262188
Data\Frontend\Levels\Mission_Balloon.tga	262188
Data\Frontend\Levels\Mission_BB.tga	262188
Data\Frontend\Levels\Mission_BBB.tga	262188
Data\Frontend\Levels\Mission_Beanstalk.tga	262188
Data\Frontend\Levels\Mission_Breakfast.tga	262188
Data\Frontend\Levels\Mission_CB.tga	262188
Data\Frontend\Levels\Mission_CC.tga	262188
Data\Frontend\Levels\Mission_CDD.tga	262188
Data\Frontend\Levels\Mission_DD.tga	262188
Data\Frontend\Levels\Mission_EYC.tga	262188
Data\Frontend\Levels\Mission_FFY.tga	262188
Data\Frontend\Levels\Mission_GD.tga	262188
Data\Frontend\Levels\Mission_GNS.tga	262188
Data\Frontend\Levels\Mission_HelterSkelter.tga	262188
Data\Frontend\Levels\Mission_HLS.tga	262188
Data\Frontend\Levels\Mission_HP.tga	196652
Data\Frontend\Levels\Mission_HS.tga	262188
Data\Frontend\Levels\Mission_HUR.tga	262188
Data\Frontend\Levels\Mission_Ice.tga	262188
Data\Frontend\Levels\Mission_ISNCHYC.tga	262188
Data\Frontend\Levels\Mission_LVP.tga	262188
Data\Frontend\Levels\Mission_MM.tga	262188
Data\Frontend\Levels\Mission_NRFF.tga	262188
Data\Frontend\Levels\Mission_OSS.tga	196652
Data\Frontend\Levels\Mission_PH.tga	262188
Data\Frontend\Levels\Mission_RD.tga	262188
Data\Frontend\Levels\Mission_RR.tga	262188
Data\Frontend\Levels\Mission_Schools.tga	262188
Data\Frontend\Levels\Mission_SFS.tga	262188
Data\Frontend\Levels\Mission_SMT.tga	262188
Data\Frontend\Levels\Mission_SOCR.tga	262188
Data\Frontend\Levels\Mission_TBG.tga	262188
Data\Frontend\Levels\Mission_TC.tga	196652
Data\Frontend\Levels\Mission_TD.tga	262188
Data\Frontend\Levels\Mission_TMC.tga	262188
Data\Frontend\Levels\Mission_TreeVillage.tga	262188
Data\Frontend\Levels\Mission_WAC.tga	262188
Data\Frontend\Levels\Multi_1001Fights.tga	262188
Data\Frontend\Levels\Multi_ACI.tga	262188
Data\Frontend\Levels\Multi_ACU.tga	262188
Data\Frontend\Levels\Multi_AJS.tga	262188
Data\Frontend\Levels\Multi_AllSystemsOhNo.tga	262188
Data\Frontend\Levels\Multi_BB.tga	262188
Data\Frontend\Levels\Multi_Beanstalk.tga	262188
Data\Frontend\Levels\Multi_CB.tga	262188
Data\Frontend\Levels\Multi_CC.tga	262188
Data\Frontend\Levels\Multi_CDD.tga	262188
Data\Frontend\Levels\Multi_DD.tga	262188
Data\Frontend\Levels\Multi_EndOfTheLine.tga	262188
Data\Frontend\Levels\Multi_EYC.tga	262188
Data\Frontend\Levels\Multi_FFY.tga	262188
Data\Frontend\Levels\Multi_GD.tga	262188
Data\Frontend\Levels\Multi_GNS.tga	262188
Data\Frontend\Levels\Multi_HardDaysKnight.tga	262188
Data\Frontend\Levels\Multi_Helterskelter.tga	262188
Data\Frontend\Levels\Multi_HLS.tga	262188
Data\Frontend\Levels\Multi_HS.tga	262188
Data\Frontend\Levels\Multi_HUR.tga	262188
Data\Frontend\Levels\Multi_Ice.tga	262188
Data\Frontend\Levels\Multi_ISNCHYC.tga	262188
Data\Frontend\Levels\Multi_LVP.tga	262188
Data\Frontend\Levels\Multi_MaimFrame.tga	262188
Data\Frontend\Levels\Multi_MM.tga	262188
Data\Frontend\Levels\Multi_MonsterBash.tga	262188
Data\Frontend\Levels\Multi_NRFF.tga	262188
Data\Frontend\Levels\Multi_PeskyLittleBreeders.tga	262188
Data\Frontend\Levels\Multi_PH.tga	262188
Data\Frontend\Levels\Multi_RD.tga	262188
Data\Frontend\Levels\Multi_RR.tga	262188
Data\Frontend\Levels\Multi_Schools.tga	262188
Data\Frontend\Levels\Multi_SMT.tga	262188
Data\Frontend\Levels\Multi_SOCR.tga	262188
Data\Frontend\Levels\Multi_TBG.tga	262188
Data\Frontend\Levels\Multi_TerminalFerocity.tga	262188
Data\Frontend\Levels\Multi_TimeFlies.tga	262188
Data\Frontend\Levels\Multi_TMC.tga	262188
Data\Frontend\Levels\Multi_ToweringInfernal.tga	262188
Data\Frontend\Levels\Multi_TreeVillage.tga	262188
Data\Frontend\Levels\Multi_TyrannoSawUs.tga	262188
Data\Frontend\Levels\Multi_WAC.tga	262188
Data\Frontend\Levels\NiceToSiegeYou.tga	262188
Data\Frontend\Levels\NoLevel.tga	262188
Data\Frontend\Levels\NoRoomForError.tga	262188
Data\Frontend\Levels\Random_Arabian.tga	262188
Data\Frontend\Levels\Random_Camelot.tga	262188
Data\Frontend\Levels\Random_Construction.tga	262188
Data\Frontend\Levels\Random_Prehistoric.tga	262188
Data\Frontend\Levels\Random_WildWest.tga	262188
Data\Frontend\Levels\RiverBoatHarbour.tga	262188
Data\Frontend\Levels\RobInTheHood.tga	262188
Data\Frontend\Levels\ShotgunChallenge1_w3d.tga	262188
Data\Frontend\Levels\ShotgunChallenge2_w3d.tga	262188
Data\Frontend\Levels\ShotgunChallenge3_w3d.tga	262188
Data\Frontend\Levels\SneakyBridgeThieves.tga	262188
Data\Frontend\Levels\StormTheCastle.tga	262188
Data\Frontend\Levels\Story_BuildingSiteSaboteurs.tga	262188
Data\Frontend\Levels\Story_CarpetCapers.tga	262188
Data\Frontend\Levels\Story_ChuteToVictory.tga	262188
Data\Frontend\Levels\Story_DestructAndServe.tga	262188
Data\Frontend\Levels\Story_DinerMight.tga	262188
Data\Frontend\Levels\Story_DoomCanyon.tga	262188
Data\Frontend\Levels\Story_EscapeFromTreeRex.tga	262188
Data\Frontend\Levels\Story_FastFoodDino.tga	262188
Data\Frontend\Levels\Story_GhostHillGraveyard.tga	262188
Data\Frontend\Levels\Story_GibbonTake.tga	262188
Data\Frontend\Levels\Story_HighNoonHiJinx.tga	262188
Data\Frontend\Levels\Story_JoustAboutIt.tga	262188
Data\Frontend\Levels\Story_MineAllMine.tga	262188
Data\Frontend\Levels\Story_NiceToSiegeYou.tga	262188
Data\Frontend\Levels\Story_NoRoomForError.tga	262188
Data\Frontend\Levels\Story_RobInTheHood.tga	262188
Data\Frontend\Levels\Story_SneakyBridgeThieves.tga	262188
Data\Frontend\Levels\Story_StormTheCastle.tga	262188
Data\Frontend\Levels\Story_TheCrateEscape.tga	262188
Data\Frontend\Levels\Story_TheLandThatWormsForgot.tga	262188
Data\Frontend\Levels\Story_TheWindyWizard.tga	262188
Data\Frontend\Levels\Story_TinCanWally.tga	262188
Data\Frontend\Levels\Story_TraitorousWaters.tga	262188
Data\Frontend\Levels\Story_TurkishDelights.tga	262188
Data\Frontend\Levels\Story_ValleyOfTheDinoWorms.tga	262188
Data\Frontend\Levels\SuperSheepChallenge1_w3d.tga	262188
Data\Frontend\Levels\SuperSheepChallenge2_w3d.tga	262188
Data\Frontend\Levels\SuperSheepChallenge3_w3d.tga	262188
Data\Frontend\Levels\TempLevel2.tga	262162
Data\Frontend\Levels\TheCrateEscape.tga	262188
Data\Frontend\Levels\TheLandThatWormsForgot.tga	262188
Data\Frontend\Levels\TheWindyWizard.tga	262188
Data\Frontend\Levels\TinCanWally.tga	262188
Data\Frontend\Levels\TraitorousWaters.tga	262188
Data\Frontend\Levels\TurkishDelights.tga	262188
Data\Frontend\Levels\Tutorial01.tga	262188
Data\Frontend\Levels\Tutorial02.tga	262188
Data\Frontend\Levels\Tutorial03.tga	262188
Data\Frontend\Levels\ValleyOfTheDinoWorms.tga	262188
Data\Frontend\Levels\WormWigsBigRigJig.tga	262188
Data\Frontend\mechanics\LoadBackArabian.tga	6220844
Data\Frontend\mechanics\LoadBackBuilding.tga	6220844
Data\Frontend\mechanics\LoadBackCamelot.tga	6220844
Data\Frontend\mechanics\LoadBackGeneric.tga	6220844
Data\Frontend\mechanics\LoadBackPrehistoric.tga	6220844
Data\Frontend\mechanics\LoadBackSmall.tga	9234
Data\Frontend\mechanics\LoadBackWildwest.tga	6220844
Data\FUNFAIR-W3D.XOM	700
Data\GHOSTHILLGRAVEYARD.XOM	12050
Data\GIBBONTAKE.XOM	14099
Data\GRAVEYARD-W3D.XOM	702
Data\HELTERSKELTER-W3D.XOM	709
Data\HIGHNOONHIJINX.XOM	20085
Data\HIGHSTAKES-W3D.XOM	705
Data\HOLIDAY-W3D.XOM	698
Data\HOOKLINE-W3D.XOM	703
Data\HUD\Flags\Argentina.tga	49196
Data\HUD\Flags\Australia.tga	49196
Data\HUD\Flags\Austria.tga	49196
Data\HUD\Flags\Azerbaijan.tga	49196
Data\HUD\Flags\Belgium.tga	49196
Data\HUD\Flags\Brazil.tga	49196
Data\HUD\Flags\Bulgaria.tga	49196
Data\HUD\Flags\Canada.tga	49196
Data\HUD\Flags\Chad.tga	49196
Data\HUD\Flags\Chile.tga	49196
Data\HUD\Flags\China.tga	49196
Data\HUD\Flags\Croatia.tga	49196
Data\HUD\Flags\Cuba.tga	49196
Data\HUD\Flags\Custom Afro.tga	49196
Data\HUD\Flags\Custom Arabia.tga	49196
Data\HUD\Flags\Custom Axe.tga	49196
Data\HUD\Flags\Custom Builder.tga	49196
Data\HUD\Flags\Custom Chinese.tga	49196
Data\HUD\Flags\Custom Cool.tga	49196
Data\HUD\Flags\Custom Cowboy.tga	49196
Data\HUD\Flags\Custom CowboySkull.tga	49196
Data\HUD\Flags\Custom Crown.tga	49196
Data\HUD\Flags\Custom Cutlass.tga	49196
Data\HUD\Flags\Custom Dino Bones.tga	49196
Data\HUD\Flags\Custom Dino Eggs.tga	49196
Data\HUD\Flags\Custom Dino Skull.tga	49196
Data\HUD\Flags\Custom Genie.tga	49196
Data\HUD\Flags\Custom Hammer.tga	49196
Data\HUD\Flags\Custom Innocent.tga	49196
Data\HUD\Flags\Custom Matrix.tga	49196
Data\HUD\Flags\Custom OldWorm.tga	49196
Data\HUD\Flags\Custom Police.tga	49196
Data\HUD\Flags\Custom Prof.tga	49196
Data\HUD\Flags\Custom Sheriff.tga	49196
Data\HUD\Flags\Custom Spaceman.tga	49196
Data\HUD\Flags\Custom Terminator.tga	49196
Data\HUD\Flags\Custom Wizard Hat.tga	49196
Data\HUD\Flags\Custom Wizard.tga	49196
Data\HUD\Flags\Custom Worksite.tga	49196
Data\HUD\Flags\Cyprus.tga	49196
Data\HUD\Flags\Czech.tga	49196
Data\HUD\Flags\Denmark.tga	49196
Data\HUD\Flags\England.tga	49196
Data\HUD\Flags\EU.tga	49196
Data\HUD\Flags\Finland.tga	49196
Data\HUD\Flags\France.tga	49196
Data\HUD\Flags\Germany.tga	49196
Data\HUD\Flags\Greece.tga	49196
Data\HUD\Flags\Hong Kong.tga	49196
Data\HUD\Flags\Iceland.tga	49196
Data\HUD\Flags\India.tga	49196
Data\HUD\Flags\Indonesia.tga	49196
Data\HUD\Flags\Iran.tga	49196
Data\HUD\Flags\Iraq.tga	49196
Data\HUD\Flags\Ireland.tga	49196
Data\HUD\Flags\Israel.tga	49196
Data\HUD\Flags\Italy.tga	49196
Data\HUD\Flags\Jamaica.tga	49196
Data\HUD\Flags\Japan.tga	49196
Data\HUD\Flags\Liechtenstein.tga	49196
Data\HUD\Flags\Luxembourg.tga	49196
Data\HUD\Flags\Malaysia.tga	49196
Data\HUD\Flags\Malta.tga	49196
Data\HUD\Flags\Mexico.tga	49196
Data\HUD\Flags\Monaco.tga	49196
Data\HUD\Flags\Morocco.tga	49196
Data\HUD\Flags\New Zealand.tga	49196
Data\HUD\Flags\North Korea.tga	49196
Data\HUD\Flags\Norway.tga	49196
Data\HUD\Flags\Pakistan.tga	49196
Data\HUD\Flags\Peru.tga	49196
Data\HUD\Flags\Poland.tga	49196
Data\HUD\Flags\Portugal.tga	49196
Data\HUD\Flags\Puerto Rico.tga	49196
Data\HUD\Flags\Russian Federation.tga	49196
Data\HUD\Flags\Saudi Arabia.tga	49196
Data\HUD\Flags\Scotland.tga	49196
Data\HUD\Flags\Singapore.tga	49196
Data\HUD\Flags\Slovakia.tga	49196
Data\HUD\Flags\South Africa.tga	49196
Data\HUD\Flags\South Korea.tga	49196
Data\HUD\Flags\Spain.tga	49196
Data\HUD\Flags\Sweden.tga	49196
Data\HUD\Flags\Switzerland.tga	49196
Data\HUD\Flags\Taiwan.tga	49196
Data\HUD\Flags\Tapper.tga	49196
Data\HUD\Flags\test01.tga	49196
Data\HUD\Flags\test02.tga	49196
Data\HUD\Flags\The Netherlands.tga	49196
Data\HUD\Flags\Turkey.tga	49196
Data\HUD\Flags\UK.tga	49196
Data\HUD\Flags\USA.tga	49196
Data\HUD\Flags\Vatican City.tga	49196
Data\HUD\Flags\Vietnam.tga	49196
Data\HUD\Flags\Wales.tga	49196
Data\HUD\Weapons\airstrike.tga	262188
Data\HUD\Weapons\alienabduction.tga	262188
Data\HUD\Weapons\bananabomb.tga	262188
Data\HUD\Weapons\baseballbat.tga	262188
Data\HUD\Weapons\bazooka.tga	262188
Data\HUD\Weapons\Binoculars.tga	262188
Data\HUD\Weapons\bubbletrubble.tga	262188
Data\HUD\Weapons\clustergrenade.tga	262188
Data\HUD\Weapons\concretedonkey.tga	262188
Data\HUD\Weapons\dynamite.tga	262188
Data\HUD\Weapons\fatkinstrike.tga	262188
Data\HUD\Weapons\firepunch.tga	262188
Data\HUD\Weapons\gascanister.tga	262188
Data\HUD\Weapons\girder.tga	262188
Data\HUD\Weapons\grenade.tga	262188
Data\HUD\Weapons\hollyhandgrenade.tga	262188
Data\HUD\Weapons\HomingMissile.tga	262188
Data\HUD\Weapons\icaruspotion.tga	262188
Data\HUD\Weapons\inflatablescouser.tga	262188
Data\HUD\Weapons\invalid_weapon.tga	262188
Data\HUD\Weapons\jetpack.tga	262188
Data\HUD\Weapons\landmine.tga	262188
Data\HUD\Weapons\madcowstrike.tga	262188
Data\HUD\Weapons\ninjarope.tga	262188
Data\HUD\Weapons\oldwoman.tga	262188
Data\HUD\Weapons\parachute.tga	262188
Data\HUD\Weapons\pipegun.tga	262188
Data\HUD\Weapons\poisonarrow.tga	262188
Data\HUD\Weapons\prod.tga	262188
Data\HUD\Weapons\raindance.tga	262188
Data\HUD\Weapons\secretweapon.tga	262188
Data\HUD\Weapons\sentrygun.tga	262188
Data\HUD\Weapons\sheep.tga	262188
Data\HUD\Weapons\shotgun.tga	262188
Data\HUD\Weapons\skipgo.tga	262188
Data\HUD\Weapons\sniperrifle.tga	262188
Data\HUD\Weapons\starburst.tga	262188
Data\HUD\Weapons\superairstrike.tga	262188
Data\HUD\Weapons\supersheep.tga	262188
Data\HUD\Weapons\surrender.tga	262188
Data\HUD\Weapons\tailnail.tga	262188
Data\HUD\Weapons\wormselect.tga	262188
Data\HUDTEST.XOM	4030
Data\ICE-W3D.XOM	696
Data\JOUSTABOUTIT.XOM	14026
Data\LANDING-W3D.XOM	697
Data\Language\PC\AmeFE.xom	74185
Data\Language\PC\AmeLoading.xom	4546
Data\Language\PC\AmeLS.xom	133857
Data\Language\PC\American.xom	202574
Data\Language\PC\Czech.xom	214093
Data\Language\PC\CzeFE.xom	77429
Data\Language\PC\CzeLoading.xom	5093
Data\Language\PC\CzeLS.xom	136550
Data\Language\PC\EngFE.xom	74638
Data\Language\PC\English.xom	202639
Data\Language\PC\EngLoading.xom	4546
Data\Language\PC\EngLS.xom	133868
Data\Language\PC\FreFE.xom	77129
Data\Language\PC\FreLoading.xom	5300
Data\Language\PC\FreLS.xom	142864
Data\Language\PC\French.xom	210581
Data\Language\PC\GerFE.xom	77438
Data\Language\PC\GerLoading.xom	5381
Data\Language\PC\GerLS.xom	144947
Data\Language\PC\German.xom	216229
Data\Language\PC\ItaFE.xom	74942
Data\Language\PC\Italian.xom	210983
Data\Language\PC\ItaLoading.xom	5059
Data\Language\PC\ItaLS.xom	134626
Data\Language\PC\Japanese.xom	232091
Data\Language\PC\JapFE.xom	83060
Data\Language\PC\JapLoading.xom	5743
Data\Language\PC\JapLS.xom	159659
Data\Language\PC\PolFE.xom	77228
Data\Language\PC\Polish.xom	212440
Data\Language\PC\PolLoading.xom	5178
Data\Language\PC\PolLS.xom	137652
Data\Language\PC\RusFE.xom	89994
Data\Language\PC\RusLoading.xom	6496
Data\Language\PC\RusLS.xom	173688
Data\Language\PC\Russian.xom	262642
Data\Language\PC\SloFE.xom	72548
Data\Language\PC\SloLoading.xom	1625
Data\Language\PC\SloLS.xom	124267
Data\Language\PC\Slovak.xom	197137
Data\Language\PC\SpaFE.xom	77497
Data\Language\PC\SpaLoading.xom	5066
Data\Language\PC\SpaLS.xom	140344
Data\Language\PC\Spanish.xom	213518
Data\LEEK-W3D.XOM	700
Data\LEVEL1.XOM	2920
Data\LP_CHALLENGECRATE.XOM	4741
Data\LP_CHUTETOVICTORY.XOM	9369
Data\LP_DEATHMATCH10.XOM	8633
Data\LP_DOOMCANYON.XOM	12469
Data\LP_FASTFOODDINO.XOM	8498
Data\LP_GIBBONTAKE.XOM	14508
Data\LP_MULTI_BUILDINGSITESABOTEURS.XOM	813
Data\LP_MULTI_CARPETCAPERS.XOM	13152
Data\LP_MULTI_DESTRUCTANDSERVE.XOM	805
Data\LP_MULTI_DINERMIGHT.XOM	799
Data\LP_MULTI_ESCAPEFROMTREEREX.XOM	12327
Data\LP_MULTI_GHOSTHILLGRAVEYARD.XOM	12128
Data\LP_MULTI_HIGHNOONHIJINX.XOM	19715
Data\LP_MULTI_JOUSTABOUTIT.XOM	12291
Data\LP_MULTI_MINEALLMINE.XOM	3904
Data\LP_MULTI_NICETOSIEGEYOU.XOM	808
Data\LP_MULTI_NOROOMFORERROR.XOM	10277
Data\LP_MULTI_PEGASUS.XOM	1862
Data\LP_MULTI_ROBINTHEHOOD.XOM	10097
Data\LP_MULTI_THEWINDYWIZARD.XOM	806
Data\LP_MULTI_TINCANWALLY.XOM	802
Data\LP_MULTI_TRAITOROUSWATERS.XOM	21156
Data\LP_MULTI_TUTORIAL1.XOM	796
Data\LP_MULTI_TUTORIAL3.XOM	26381
Data\LP_MULTI_VALLEYOFTHEDINO.XOM	820
Data\LP_RIVERBOATHARBOUR.XOM	805
Data\LP_SNEAKYBRIDGETHIEVES.XOM	11852
Data\LP_STORMTHECASTLE.XOM	20502
Data\LP_THECRATEESCAPE.XOM	8653
Data\LP_THELANDTHATWORMSFORGOT.XOM	12749
Data\LP_THISGAMEDOESDRAGON.XOM	4918
Data\LP_TURKISHDELIGHTS.XOM	15461
Data\LP_TUTORIAL2.XOM	24914
Data\LP_WORMWIGSBIGRIGJIG.XOM	5154
Data\MANEL.XOM	1607
Data\Maps\Accuracy.xan	173382
Data\Maps\Alien-w3d.hmp	50000
Data\Maps\Alien-w3d.txt	3620
Data\Maps\Alien-w3d.xan	394606
Data\Maps\animtest.xan	13245
Data\Maps\applecore-w3d.hmp	50000
Data\Maps\applecore-w3d.txt	2175
Data\Maps\applecore-w3d.xan	304303
Data\Maps\ArabiaTest.hmp	50000
Data\Maps\ArabiaTest.xan	523346
Data\Maps\AssaultAndDefend.xan	16108
Data\Maps\balloon-w3d.hmp	50000
Data\Maps\balloon-w3d.xan	496860
Data\Maps\bazooka.xan	35070
Data\Maps\beanstalk-w3d.hmp	50000
Data\Maps\beanstalk-w3d.txt	2142
Data\Maps\beanstalk-w3d.xan	296665
Data\Maps\boldly-w3d.hmp	50000
Data\Maps\boldly-w3d.txt	3064
Data\Maps\boldly-w3d.xan	309490
Data\Maps\breakfast-w3d.hmp	50000
Data\Maps\breakfast-w3d.txt	3469
Data\Maps\breakfast-w3d.xan	253636
Data\Maps\buffalotest.xan	6910
Data\Maps\BuildingSiteSaboteurs.hmp	50000
Data\Maps\BuildingSiteSaboteurs.xan	522475
Data\Maps\CarpetCapers.hmp	50000
Data\Maps\CarpetCapers.xan	481801
Data\Maps\ChallengeAccuracy.hmp	50000
Data\Maps\ChallengeAccuracy.xan	431085
Data\Maps\ChallengeAccuracy2.hmp	50000
Data\Maps\ChallengeAccuracy2.xan	459915
Data\Maps\ChallengeCrate.hmp	50000
Data\Maps\ChallengeCrate.xan	539148
Data\Maps\ChallengeCrate2.hmp	50000
Data\Maps\ChallengeCrate2.xan	445495
Data\Maps\ChallengeIcarus.hmp	50000
Data\Maps\ChallengeIcarus.xan	475820
Data\Maps\ChallengeJetpack.hmp	50000
Data\Maps\ChallengeJetpack.xan	468718
Data\Maps\ChallengeJetpack2.hmp	50000
Data\Maps\ChallengeJetpack2.xan	418423
Data\Maps\ChallengeNavigation.hmp	50000
Data\Maps\ChallengeNavigation.xan	414161
Data\Maps\ChallengeNavigation2.hmp	50000
Data\Maps\ChallengeNavigation2.xan	585206
Data\Maps\ChallengeSheep.hmp	50000
Data\Maps\ChallengeSheep.xan	452295
Data\Maps\ChallengeSheep2.hmp	50000
Data\Maps\ChallengeSheep2.xan	510058
Data\Maps\ChallengeShotgun.hmp	50000
Data\Maps\ChallengeShotgun.xan	442887
Data\Maps\ChallengeShotgun2.hmp	50000
Data\Maps\ChallengeShotgun2.xan	606828
Data\Maps\ChallengeSniper.hmp	50000
Data\Maps\ChallengeSniper.xan	514141
Data\Maps\ChallengeSniper2.hmp	50000
Data\Maps\ChallengeSniper2.xan	532981
Data\Maps\cherry-w3d.hmp	50000
Data\Maps\cherry-w3d.txt	2349
Data\Maps\cherry-w3d.xan	455032
Data\Maps\chute2-w3d.txt	2566
Data\Maps\Chute3-w3d.txt	2142
Data\Maps\ChuteToVictory.hmp	50000
Data\Maps\ChuteToVictory.xan	535109
Data\Maps\Clean-w3d.hmp	50000
Data\Maps\Clean-w3d.txt	2449
Data\Maps\Clean-w3d.xan	235198
Data\Maps\collide-w3d.hmp	50000
Data\Maps\collide-w3d.xan	514739
Data\Maps\cooped-w3d.hmp	50000
Data\Maps\cooped-w3d.xan	333031
Data\Maps\countingsheep-w3d.hmp	50000
Data\Maps\countingsheep-w3d.txt	3562
Data\Maps\countingsheep-w3d.xan	477954
Data\Maps\CrateBritain-w3d.hmp	50000
Data\Maps\CrateBritain-w3d.txt	2261
Data\Maps\CrateBritain-w3d.xan	398944
Data\Maps\cropcircle-w3d.hmp	50000
Data\Maps\CropCircle-w3d.txt	2603
Data\Maps\cropcircle-w3d.xan	390320
Data\Maps\crust-w3d.hmp	50000
Data\Maps\crust-w3d.xan	260875
Data\Maps\dday-w3d.hmp	50000
Data\Maps\dday-w3d.xan	305896
Data\Maps\Deathmatch1.hmp	50000
Data\Maps\Deathmatch1.xan	413199
Data\Maps\Deathmatch10.hmp	50000
Data\Maps\deathmatch10.txt	2679
Data\Maps\Deathmatch10.xan	510801
Data\Maps\Deathmatch10-w3d.hmp	50000
Data\Maps\Deathmatch10-w3d.xan	439343
Data\Maps\Deathmatch11.hmp	50000
Data\Maps\Deathmatch11.xan	509437
Data\Maps\Deathmatch1-w3d.hmp	50000
Data\Maps\Deathmatch1-w3d.xan	435855
Data\Maps\Deathmatch2.hmp	50000
Data\Maps\Deathmatch2.xan	555267
Data\Maps\Deathmatch2-w3d.hmp	50000
Data\Maps\Deathmatch2-w3d.xan	546068
Data\Maps\Deathmatch3.hmp	50000
Data\Maps\Deathmatch3.xan	353921
Data\Maps\Deathmatch3-w3d.hmp	50000
Data\Maps\Deathmatch3-w3d.xan	365014
Data\Maps\Deathmatch4.hmp	50000
Data\Maps\Deathmatch4.xan	480408
Data\Maps\Deathmatch4-w3d.hmp	50000
Data\Maps\Deathmatch4-w3d.xan	499796
Data\Maps\Deathmatch5.hmp	50000
Data\Maps\deathmatch5.txt	2726
Data\Maps\Deathmatch5.xan	272825
Data\Maps\Deathmatch5-w3d.hmp	50000
Data\Maps\Deathmatch5-w3d.xan	273878
Data\Maps\Deathmatch6.hmp	50000
Data\Maps\Deathmatch6.xan	246076
Data\Maps\Deathmatch6-w3d.hmp	50000
Data\Maps\Deathmatch6-w3d.xan	256111
Data\Maps\Deathmatch7.hmp	50000
Data\Maps\Deathmatch7.xan	451012
Data\Maps\Deathmatch7-w3d.hmp	50000
Data\Maps\Deathmatch7-w3d.xan	450660
Data\Maps\Deathmatch8.hmp	50000
Data\Maps\Deathmatch8.xan	534768
Data\Maps\Deathmatch8-w3d.hmp	50000
Data\Maps\Deathmatch8-w3d.xan	343355
Data\Maps\Deathmatch9.hmp	50000
Data\Maps\Deathmatch9.xan	576926
Data\Maps\Deathmatch9-w3d.hmp	50000
Data\Maps\Deathmatch9-w3d.xan	505289
Data\Maps\DEMO_Mission.hmp	50000
Data\Maps\DEMO_Mission.xan	465470
Data\Maps\DEMO_Multiplayer.hmp	50000
Data\Maps\DEMO_Multiplayer.txt	2596
Data\Maps\DEMO_Multiplayer.xan	518972
Data\Maps\DEMO_Online.hmp	50000
Data\Maps\DEMO_Online.txt	2644
Data\Maps\DEMO_Online.xan	444342
Data\Maps\DestructAndServe.hmp	50000
Data\Maps\DestructandServe.txt	2657
Data\Maps\DestructAndServe.xan	536266
Data\Maps\DinerMight.hmp	50000
Data\Maps\dinermight.txt	2695
Data\Maps\DinerMight.xan	491228
Data\Maps\DoomCanyon.hmp	50000
Data\Maps\DoomCanyon.xan	310091
Data\Maps\EscapeFromTreeRex.hmp	50000
Data\Maps\EscapeFromTreeRex.xan	432322
Data\Maps\FALLING-w3d.hmp	50000
Data\Maps\FALLING-w3d.xan	343889
Data\Maps\FastFoodDino.hmp	50000
Data\Maps\FastFoodDino.xan	509492
Data\Maps\FLATTEST.xan	29242
Data\Maps\funfair-w3d.hmp	50000
Data\Maps\FunFair-w3d.txt	2360
Data\Maps\funfair-w3d.xan	383653
Data\Maps\GhostHillGraveyard.hmp	50000
Data\Maps\GhostHillGraveyard.txt	2587
Data\Maps\GhostHillGraveyard.xan	612545
Data\Maps\GibbonTake.hmp	50000
Data\Maps\GibbonTake.xan	514275
Data\Maps\graveyard-w3d.hmp	50000
Data\Maps\Graveyard-w3d.txt	2738
Data\Maps\graveyard-w3d.xan	479965
Data\Maps\helterskelter-w3d.hmp	50000
Data\Maps\helterskelter-w3d.txt	2287
Data\Maps\helterskelter-w3d.xan	463471
Data\Maps\HighNoonHiJinx.hmp	50000
Data\Maps\HighNoonHiJinx.txt	2596
Data\Maps\HighNoonHiJinx.xan	602079
Data\Maps\highstakes-w3d.hmp	50000
Data\Maps\highstakes-w3d.xan	374826
Data\Maps\holiday-w3d.hmp	50000
Data\Maps\holiday-w3d.txt	2281
Data\Maps\holiday-w3d.xan	501893
Data\Maps\hookline-w3d.hmp	50000
Data\Maps\hookline-w3d.txt	2157
Data\Maps\hookline-w3d.xan	345100
Data\Maps\hudtest.hmp	50000
Data\Maps\hudtest.xan	13226
Data\Maps\ICE-w3d.hmp	50000
Data\Maps\ice-w3d.txt	2566
Data\Maps\ICE-w3d.xan	303157
Data\Maps\JoustAboutIt.hmp	50000
Data\Maps\JoustAboutIt.xan	548125
Data\Maps\jumping.xan	98382
Data\Maps\landing-w3d.hmp	50000
Data\Maps\landing-w3d.txt	2465
Data\Maps\landing-w3d.xan	380330
Data\Maps\leek-w3d.hmp	50000
Data\Maps\leek-w3d.txt	2538
Data\Maps\leek-w3d.xan	251373
Data\Maps\LP_ChallengeCrate.hmp	50000
Data\Maps\LP_ChallengeCrate.xan	359223
Data\Maps\LP_ChuteToVictory.hmp	50000
Data\Maps\LP_ChuteToVictory.xan	365856
Data\Maps\LP_Deathmatch10.hmp	50000
Data\Maps\LP_Deathmatch10.xan	371940
Data\Maps\LP_DoomCanyon.hmp	50000
Data\Maps\LP_DoomCanyon.xan	222412
Data\Maps\LP_FastFoodDino.hmp	50000
Data\Maps\LP_FastFoodDino.xan	316430
Data\Maps\LP_GibbonTake.hmp	50000
Data\Maps\LP_GibbonTake.xan	326876
Data\Maps\LP_Multi_BuildingSiteSaboteurs.hmp	50000
Data\Maps\LP_Multi_BuildingSiteSaboteurs.xan	365294
Data\Maps\LP_Multi_CarpetCapers.hmp	50000
Data\Maps\LP_Multi_CarpetCapers.xan	373479
Data\Maps\LP_Multi_DestructAndServe.hmp	50000
Data\Maps\LP_Multi_DestructAndServe.xan	369948
Data\Maps\LP_Multi_DinerMight.hmp	50000
Data\Maps\LP_Multi_DinerMight.xan	316324
Data\Maps\LP_Multi_EscapeFromTreeRex.hmp	50000
Data\Maps\LP_Multi_EscapeFromTreeRex.xan	329180
Data\Maps\LP_Multi_GhostHillGraveyard.hmp	50000
Data\Maps\LP_Multi_GhostHillGraveyard.xan	464261
Data\Maps\LP_Multi_HighNoonHiJinx.hmp	50000
Data\Maps\LP_Multi_HighNoonHiJinx.xan	453061
Data\Maps\LP_Multi_JoustAboutIt.hmp	50000
Data\Maps\LP_Multi_JoustAboutIt.xan	374578
Data\Maps\LP_Multi_MineAllMine.hmp	50000
Data\Maps\LP_Multi_MineAllMine.xan	393617
Data\Maps\LP_Multi_NiceToSiegeYou.hmp	50000
Data\Maps\LP_Multi_NiceToSiegeYou.xan	351961
Data\Maps\LP_Multi_NoRoomForError.hmp	50000
Data\Maps\LP_Multi_NoRoomForError.xan	362998
Data\Maps\LP_Multi_pegasus.hmp	50000
Data\Maps\LP_Multi_pegasus.xan	261097
Data\Maps\LP_Multi_RobInTheHood.hmp	50000
Data\Maps\LP_Multi_RobInTheHood.xan	275604
Data\Maps\LP_Multi_TheWindyWizard.hmp	50000
Data\Maps\LP_Multi_TheWindyWizard.xan	465127
Data\Maps\LP_Multi_TinCanWally.hmp	50000
Data\Maps\LP_Multi_TinCanWally.xan	493698
Data\Maps\LP_Multi_TraitorousWaters.hmp	50000
Data\Maps\LP_Multi_TraitorousWaters.xan	366524
Data\Maps\LP_Multi_Tutorial1.hmp	50000
Data\Maps\LP_Multi_Tutorial1.xan	371589
Data\Maps\LP_Multi_Tutorial3.hmp	50000
Data\Maps\LP_Multi_Tutorial3.xan	414620
Data\Maps\LP_Multi_ValleyOfTheDino.hmp	50000
Data\Maps\LP_Multi_ValleyOfTheDino.xan	255158
Data\Maps\LP_RiverBoatHarbour.hmp	50000
Data\Maps\LP_RiverBoatHarbour.xan	409863
Data\Maps\LP_SneakyBridgeThieves.hmp	50000
Data\Maps\LP_SneakyBridgeThieves.xan	313918
Data\Maps\LP_StormTheCastle.hmp	50000
Data\Maps\LP_StormTheCastle.xan	376380
Data\Maps\LP_TheCrateEscape.hmp	50000
Data\Maps\LP_TheCrateEscape.xan	243369
Data\Maps\LP_TheLandThatWormsForgot.hmp	50000
Data\Maps\LP_TheLandThatWormsForgot.xan	272570
Data\Maps\LP_ThisGameDoesDragon.hmp	50000
Data\Maps\LP_ThisGameDoesDragon.xan	331279
Data\Maps\LP_TurkishDeLights.hmp	50000
Data\Maps\LP_TurkishDeLights.xan	235397
Data\Maps\LP_Tutorial2.hmp	50000
Data\Maps\LP_Tutorial2.xan	427890
Data\Maps\LP_WormwigsBigRigJig.hmp	50000
Data\Maps\LP_WormwigsBigRigJig.xan	294041
Data\Maps\manel.xan	23325
Data\Maps\MineAllMine.hmp	50000
Data\Maps\MineAllMine.xan	556406
Data\Maps\movietest.xan	13245
Data\Maps\Multi_1001Fights.hmp	50000
Data\Maps\Multi_1001Fights.xan	440405
Data\Maps\Multi_AllSystemsOhNo.hmp	50000
Data\Maps\Multi_AllSystemsOhNo.xan	507525
Data\Maps\Multi_BuildingSiteSaboteurs.hmp	50000
Data\Maps\Multi_BuildingSiteSaboteurs.xan	510175
Data\Maps\Multi_CarpetCapers.hmp	50000
Data\Maps\Multi_CarpetCapers.xan	467289
Data\Maps\Multi_DestructAndServe.hmp	50000
Data\Maps\Multi_DestructAndServe.xan	499344
Data\Maps\Multi_DinerMight.hmp	50000
Data\Maps\Multi_DinerMight.xan	455223
Data\Maps\Multi_EndOfTheLine.hmp	50000
Data\Maps\Multi_EndOfTheLine.xan	518273
Data\Maps\Multi_EscapeFromTreeRex.hmp	50000
Data\Maps\Multi_EscapeFromTreeRex.xan	430210
Data\Maps\Multi_GhostHillGraveyard.hmp	50000
Data\Maps\Multi_GhostHillGraveyard.xan	534264
Data\Maps\Multi_HardDaysKnight.hmp	50000
Data\Maps\Multi_HardDaysKnight.xan	485247
Data\Maps\Multi_HighNoonHiJinx.hmp	50000
Data\Maps\Multi_HighNoonHiJinx.xan	593318
Data\Maps\Multi_JoustAboutIt.hmp	50000
Data\Maps\Multi_JoustAboutIt.xan	546288
Data\Maps\Multi_MaimFrame.hmp	50000
Data\Maps\Multi_MaimFrame.xan	168665
Data\Maps\Multi_MineAllMine.hmp	50000
Data\Maps\Multi_MineAllMine.xan	488360
Data\Maps\Multi_MonsterBash.hmp	50000
Data\Maps\Multi_MonsterBash.xan	628123
Data\Maps\Multi_NiceToSiegeYou.hmp	50000
Data\Maps\Multi_NiceToSiegeYou.xan	459505
Data\Maps\Multi_NoRoomForError.hmp	50000
Data\Maps\Multi_NoRoomForError.xan	531606
Data\Maps\Multi_pegasus.hmp	50000
Data\Maps\Multi_pegasus.xan	261096
Data\Maps\Multi_PeskyLittleBreeders.hmp	50000
Data\Maps\Multi_PeskyLittleBreeders.xan	462404
Data\Maps\Multi_RobInTheHood.hmp	50000
Data\Maps\Multi_RobInTheHood.xan	403269
Data\Maps\Multi_TerminalFerocity.hmp	50000
Data\Maps\Multi_TerminalFerocity.xan	415564
Data\Maps\Multi_TheWindyWizard.hmp	50000
Data\Maps\Multi_TheWindyWizard.xan	540672
Data\Maps\Multi_TimeFlies.hmp	50000
Data\Maps\Multi_TimeFlies.xan	470489
Data\Maps\Multi_TinCanWally.hmp	50000
Data\Maps\Multi_TinCanWally.xan	631698
Data\Maps\Multi_ToweringInfernal.hmp	50000
Data\Maps\Multi_ToweringInfernal.xan	464843
Data\Maps\Multi_TraitorousWaters.hmp	50000
Data\Maps\Multi_TraitorousWaters.xan	598603
Data\Maps\Multi_Tutorial1.hmp	50000
Data\Maps\Multi_Tutorial1.xan	443742
Data\Maps\Multi_Tutorial3.hmp	50000
Data\Maps\Multi_Tutorial3.xan	540862
Data\Maps\Multi_TyrannoSawUs.hmp	50000
Data\Maps\Multi_TyrannoSawUs.xan	533773
Data\Maps\Multi_ValleyOfTheDino.hmp	50000
Data\Maps\Multi_ValleyOfTheDino.xan	255158
Data\Maps\multiapplecore.xan	278894
Data\Maps\MultiMode1.xan	324512
Data\Maps\MultiMode2.xan	158995
Data\Maps\MultiMode3.xan	279430
Data\Maps\MultiMode4.xan	312606
Data\Maps\MultiMode5.xan	344712
Data\Maps\MultiMode6.xan	276694
Data\Maps\MultiMode7.xan	278458
Data\Maps\Multiplayer.hmp	50000
Data\Maps\Multiplayer.xan	510659
Data\Maps\mysterycrate.xan	24677
Data\Maps\NiceToSiegeYou.hmp	50000
Data\Maps\NiceToSiegeYou.xan	479562
Data\Maps\NiceToSiegeYouFlappy.hmp	50000
Data\Maps\NiceToSiegeYouFlappy.xan	471653
Data\Maps\NiceToSiegeYouMeMe.hmp	50000
Data\Maps\NiceToSiegeYouMeMe.xan	471653
Data\Maps\NoRoomForError.hmp	50000
Data\Maps\NoRoomForError.xan	610500
Data\Maps\notpc-w3d.hmp	50000
Data\Maps\notpc-w3d.txt	3154
Data\Maps\notpc-w3d.xan	465034
Data\Maps\Outtake_GibbonTake.hmp	50000
Data\Maps\Outtake_GibbonTake.xan	147833
Data\Maps\OuttakeDestructAndServe.hmp	50000
Data\Maps\OuttakeDestructAndServe.xan	208571
Data\Maps\OuttakeDinerMight.hmp	50000
Data\Maps\OuttakeDinerMight.xan	95268
Data\Maps\OutTakeDinerMightDance.hmp	50000
Data\Maps\OutTakeDinerMightDance.xan	231391
Data\Maps\OuttakeGhostHillGraveyard.xan	119641
Data\Maps\OuttakeIntroduction.hmp	50000
Data\Maps\OuttakeIntroduction.xan	38836
Data\Maps\OuttakeJoustAboutIt.hmp	50000
Data\Maps\OuttakeJoustAboutIt.xan	102608
Data\Maps\OuttakeLight.hmp	50000
Data\Maps\OuttakeLight.xan	51195
Data\Maps\OuttakeMineAllMine.hmp	50000
Data\Maps\OuttakeMineAllMine.xan	160023
Data\Maps\OuttakeRecordingBooth.hmp	50000
Data\Maps\OuttakeRecordingBooth.xan	549325
Data\Maps\OuttakeScreenTest.hmp	50000
Data\Maps\OuttakeScreenTest.xan	55431
Data\Maps\OuttakeTheLandThatWormsForgot.hmp	50000
Data\Maps\OuttakeTheLandThatWormsForgot.xan	345826
Data\Maps\OuttakeTinCanWally.hmp	50000
Data\Maps\OuttakeTinCanWally.xan	459145
Data\Maps\pack-w3d.hmp	50000
Data\Maps\pack-w3d.txt	3280
Data\Maps\pack-w3d.xan	409645
Data\Maps\ParticleEditor.xan	3301
Data\Maps\ParticleEditor2.xan	3467
Data\Maps\pegasus-w3d.hmp	50000
Data\Maps\pegasus-w3d.xan	285925
Data\Maps\plaice-w3d.hmp	50000
Data\Maps\PLAICE-w3d.txt	2370
Data\Maps\plaice-w3d.xan	445995
Data\Maps\pleasenomoreislands.xan	192511
Data\Maps\PLTEST.hmp	50000
Data\Maps\PLTEST.xan	66195
Data\Maps\RelayRace.xan	579827
Data\Maps\RiverBoatHarbour.hmp	50000
Data\Maps\RiverboatHarbour.txt	2608
Data\Maps\RiverBoatHarbour.xan	569446
Data\Maps\RobInTheHood.hmp	50000
Data\Maps\RobInTheHood.xan	425321
Data\Maps\rum-w3d.hmp	50000
Data\Maps\rum-w3d.txt	3015
Data\Maps\rum-w3d.xan	310304
Data\Maps\SCHOOLS-w3d.hmp	50000
Data\Maps\SCHOOLS-w3d.txt	2294
Data\Maps\SCHOOLS-w3d.xan	415360
Data\Maps\SentryScripted.xan	9113
Data\Maps\sentrytest.xan	32030
Data\Maps\Shotgun1.xan	17027
Data\Maps\ShotgunChallenge1-w3d.txt	2349
Data\Maps\showdown-w3d.hmp	50000
Data\Maps\Showdown-w3d.txt	2256
Data\Maps\showdown-w3d.xan	295794
Data\Maps\SlipTest.xan	192407
Data\Maps\SmokeTest.xan	4366
Data\Maps\SneakyBridgeThieves.hmp	50000
Data\Maps\SneakyBridgeThieves.xan	543791
Data\Maps\SPLP_HighNoonHiJinx.hmp	50000
Data\Maps\SPLP_HighNoonHiJinx.xan	477083
Data\Maps\SPLP_NiceToSiegeYou.hmp	50000
Data\Maps\SPLP_NiceToSiegeYou.xan	437140
Data\Maps\StatueDefend.hmp	50000
Data\Maps\StatueDefend.xan	537275
Data\Maps\StormTheCastle.hmp	50000
Data\Maps\StormTheCastle.xan	473288
Data\Maps\team17-w3d.txt	2311
Data\Maps\telepad.xan	1302
Data\Maps\Teleport test.hmp	50000
Data\Maps\Teleport test.xan	155005
Data\Maps\TheCrateEscape.hmp	50000
Data\Maps\TheCrateEscape.xan	349784
Data\Maps\TheLandThatWormsForgot.hmp	50000
Data\Maps\TheLandThatWormsForgot.xan	353617
Data\Maps\TheWindyWizard.hmp	50000
Data\Maps\TheWindyWizard.xan	613632
Data\Maps\ThisGameDoesDragon.hmp	50000
Data\Maps\ThisGameDoesDragon.txt	2644
Data\Maps\ThisGameDoesDragon.xan	444313
Data\Maps\timbers-w3d.hmp	50000
Data\Maps\timbers-w3d.txt	2444
Data\Maps\timbers-w3d.xan	287762
Data\Maps\TinCanWally.hmp	50000
Data\Maps\TinCanWally.txt	2596
Data\Maps\TinCanWally.xan	642372
Data\Maps\TraitorousWaters.hmp	50000
Data\Maps\TraitorousWaters.xan	593218
Data\Maps\treevillage-w3d.hmp	50000
Data\Maps\treevillage-w3d.txt	3559
Data\Maps\treevillage-w3d.xan	484773
Data\Maps\trial-w3d.hmp	50000
Data\Maps\trial-w3d.txt	2154
Data\Maps\trial-w3d.xan	388896
Data\Maps\TurkishDelights.hmp	50000
Data\Maps\TurkishDelights.xan	365751
Data\Maps\Tutorial1.hmp	50000
Data\Maps\tutorial1.txt	2706
Data\Maps\Tutorial1.xan	560418
Data\Maps\Tutorial2.hmp	50000
Data\Maps\tutorial2.txt	2777
Data\Maps\Tutorial2.xan	600868
Data\Maps\Tutorial3.hmp	50000
Data\Maps\tutorial3.txt	2768
Data\Maps\Tutorial3.xan	576507
Data\Maps\ValleyOfDinoWorms.hmp	50000
Data\Maps\ValleyOfDinoWorms.xan	261297
Data\Maps\WeaponsTest.hmp	50000
Data\Maps\WeaponsTest.xan	315673
Data\Maps\Wildwesttexturetest.xan	349505
Data\Maps\WormswigsBigRig.txt	2737
Data\Maps\WormwigsBigRigJig.hmp	50000
Data\Maps\WormwigsBigRigJig.xan	364234
Data\MINEALLMINE.XOM	14425
Data\MOVIETEST.XOM	4377
Data\MULTI_1001FIGHTS.XOM	9383
Data\MULTI_ALLSYSTEMSOHNO.XOM	66953
Data\MULTI_BUILDINGSITESABOTEURS.XOM	813
Data\MULTI_CARPETCAPERS.XOM	710
Data\MULTI_DESTRUCTANDSERVE.XOM	805
Data\MULTI_DINERMIGHT.XOM	799
Data\MULTI_ENDOFTHELINE.XOM	798
Data\MULTI_ESCAPEFROMTREEREX.XOM	818
Data\MULTI_GHOSTHILLGRAVEYARD.XOM	807
Data\MULTI_HARDDAYSKNIGHT.XOM	109761
Data\MULTI_HIGHNOONHIJINX.XOM	809
Data\MULTI_JOUSTABOUTIT.XOM	806
Data\MULTI_MAIMFRAME.XOM	26568
Data\MULTI_MINEALLMINE.XOM	809
Data\MULTI_MONSTERBASH.XOM	26573
Data\MULTI_NICETOSIEGEYOU.XOM	808
Data\MULTI_NOROOMFORERROR.XOM	806
Data\MULTI_PEGASUS.XOM	711
Data\MULTI_PESKYLITTLEBREEDERS.XOM	26568
Data\MULTI_ROBINTHEHOOD.XOM	808
Data\MULTI_TERMINALFEROCITY.XOM	66957
Data\MULTI_THEWINDYWIZARD.XOM	806
Data\MULTI_TIMEFLIES.XOM	15894
Data\MULTI_TINCANWALLY.XOM	802
Data\MULTI_TOWERINGINFERNAL.XOM	55461
Data\MULTI_TRAITOROUSWATERS.XOM	806
Data\MULTI_TUTORIAL1.XOM	796
Data\MULTI_TUTORIAL3.XOM	798
Data\MULTI_TYRANNOSAWUS.XOM	818
Data\MULTI_VALLEYOFTHEDINO.XOM	820
Data\MULTIMODE1.XOM	809
Data\MULTIMODE2.XOM	818
Data\MULTIMODE3.XOM	810
Data\MULTIMODE4.XOM	813
Data\MULTIPLAYER.XOM	526
Data\NICETOSIEGEYOU.XOM	29599
Data\NICETOSIEGEYOUFLAPPY.XOM	28859
Data\NICETOSIEGEYOUMEME.XOM	28859
Data\NOROOMFORERROR.XOM	11124
Data\NOTPC-W3D.XOM	697
Data\OUTTAKE_GIBBONTAKE.XOM	6793
Data\OUTTAKE_GUTTENBERG.XOM	18750
Data\OUTTAKEDESTRUCTANDSERVE.XOM	11326
Data\OUTTAKEDINERMIGHT.XOM	4505
Data\OUTTAKEDINERMIGHTDANCE.XOM	7871
Data\OUTTAKEGHOSTHILLGRAVEYARD.XOM	3734
Data\OUTTAKEINTRODUCTION.XOM	23562
Data\OUTTAKEJOUSTABOUTIT.XOM	7989
Data\OUTTAKELIGHT.XOM	12597
Data\OUTTAKEMINEALLMINE.XOM	9525
Data\OUTTAKERECORDINGBOOTH.XOM	35993
Data\OUTTAKESCREENTEST.XOM	13565
Data\OUTTAKETHELANDTHATWORMSFORGOT.XOM	3567
Data\OUTTAKETINCANWALLY.XOM	10974
Data\PACK-W3D.XOM	698
Data\PEGASUS-W3D.XOM	698
Data\PLAICE-W3D.XOM	698
Data\RANDOMARABIAN.XOM	806
Data\RANDOMBUILDING.XOM	809
Data\RANDOMCAMELOT.XOM	806
Data\RANDOMPREHISTORIC.XOM	818
Data\RANDOMWILDWEST.XOM	809
Data\RELAYRACE.XOM	2120
Data\RIVERBOATHARBOUR.XOM	805
Data\ROBINTHEHOOD.XOM	10742
Data\RUM-W3D.XOM	696
Data\SCHOOLS-W3D.XOM	699
Data\scripts\aitest.lub	2852
Data\scripts\ALIEN-w3d.lub	10340
Data\scripts\animtest.lub	608
Data\scripts\applecore-w3d.lub	18062
Data\scripts\armourtest.lub	7280
Data\scripts\AssaultAndDefend.lub	1075
Data\scripts\BALLOON-w3d.lub	23353
Data\scripts\beanstalk-w3d.lub	11162
Data\scripts\boldly-w3d.lub	9447
Data\scripts\BREAKFAST-w3d.lub	11305
Data\scripts\BuffaloTest.lub	1951
Data\scripts\BuildingSiteSaboteurs.lub	5594
Data\scripts\CarpetCapers.lub	4430
Data\scripts\ChallengeAccuracy.lub	4539
Data\scripts\ChallengeAccuracy2.lub	2734
Data\scripts\ChallengeCrate.lub	2748
Data\scripts\ChallengeCrate2.lub	3196
Data\scripts\ChallengeIcarus.lub	2578
Data\scripts\ChallengeJetpack.lub	2900
Data\scripts\ChallengeJetpack2.lub	3648
Data\scripts\ChallengeNavigation.lub	2518
Data\scripts\ChallengeNavigation2.lub	2598
Data\scripts\ChallengeSheep.lub	2844
Data\scripts\ChallengeSheep2.lub	2927
Data\scripts\ChallengeShotgun.lub	3016
Data\scripts\ChallengeShotgun2.lub	3013
Data\scripts\ChallengeSniper.lub	2676
Data\scripts\ChallengeSniper2.lub	3097
Data\scripts\cherry-w3d.lub	9870
Data\scripts\ChuteToVictory.lub	3010
Data\scripts\clean-w3d.lub	16624
Data\scripts\COLLIDE-w3d.lub	19756
Data\scripts\cooped-w3d.lub	17410
Data\scripts\countingsheep-w3d.lub	24656
Data\scripts\CrateBritain-w3d.lub	11194
Data\scripts\cropcircle-w3d.lub	16793
Data\scripts\crust.lub	8813
Data\scripts\crust-w3d.lub	12208
Data\scripts\dday-w3d.lub	14465
Data\scripts\Deathmatch1.lub	1618
Data\scripts\Deathmatch10.lub	1684
Data\scripts\Deathmatch10-w3d.lub	8959
Data\scripts\Deathmatch11.lub	1755
Data\scripts\Deathmatch1-w3d.lub	9305
Data\scripts\Deathmatch2.lub	1709
Data\scripts\Deathmatch2-w3d.lub	10621
Data\scripts\Deathmatch3.lub	1883
Data\scripts\Deathmatch3-w3d.lub	8475
Data\scripts\Deathmatch4.lub	1776
Data\scripts\Deathmatch4-w3d.lub	9187
Data\scripts\Deathmatch5.lub	1659
Data\scripts\Deathmatch5-w3d.lub	8255
Data\scripts\Deathmatch6.lub	1987
Data\scripts\Deathmatch6-w3d.lub	7905
Data\scripts\Deathmatch7.lub	1797
Data\scripts\Deathmatch7-w3d.lub	8446
Data\scripts\Deathmatch8.lub	1651
Data\scripts\Deathmatch8-w3d.lub	9127
Data\scripts\Deathmatch9.lub	1931
Data\scripts\Deathmatch9-w3d.lub	8362
Data\scripts\DEMO_Mission.lub	5150
Data\scripts\DestructAndServe.lub	5729
Data\scripts\DinerMight.lub	5113
Data\scripts\DoomCanyon.lub	2664
Data\scripts\EscapeFromTreeRex.lub	5571
Data\scripts\FALLING-w3d.lub	18744
Data\scripts\FastFoodDino.lub	4293
Data\scripts\funfair-w3d.lub	17977
Data\scripts\GhostHillGraveyard.lub	5653
Data\scripts\GibbonTake.lub	6331
Data\scripts\graveyard-w3d.lub	22373
Data\scripts\helterskelter-w3d.lub	22798
Data\scripts\HideAndSeek.lub	1311
Data\scripts\HighNoonHiJinx.lub	8512
Data\scripts\highstakes-w3d.lub	30013
Data\scripts\holiday-w3d.lub	13570
Data\scripts\hookline-w3d.lub	24712
Data\scripts\hudtest.lub	1030
Data\scripts\ICE-w3d.lub	20427
Data\scripts\JoustAboutIt.lub	5876
Data\scripts\landing-w3d.lub	9686
Data\scripts\leek-w3d.lub	8320
Data\scripts\level1.lub	763
Data\scripts\lib_help.lub	23020
Data\scripts\manel.lub	448
Data\scripts\MineAllMine.lub	3869
Data\scripts\movietest.lub	2179
Data\scripts\Multiplayer.lub	346
Data\scripts\MultiplayerDestruction.lub	3570
Data\scripts\MysteryCrate.lub	2821
Data\scripts\NetTest.lub	5630
Data\scripts\NiceToSiegeYou.lub	5559
Data\scripts\NoRoomForError.lub	3563
Data\scripts\notpc-w3d.lub	24510
Data\scripts\OutTake_DinerMight.lub	910
Data\scripts\Outtake_GibbonTake.lub	775
Data\scripts\OuttakeDestructAndServe.lub	738
Data\scripts\OuttakeDinerMight.lub	711
Data\scripts\OutTakeDinerMightDance.lub	939
Data\scripts\OuttakeGhostHillGraveyard.lub	736
Data\scripts\OuttakeIntroduction.lub	907
Data\scripts\OutTakeJoustAboutIt.lub	910
Data\scripts\OuttakeLight.lub	931
Data\scripts\OutTakeMineAllMine.lub	994
Data\scripts\OuttakeRecordingBooth.lub	1705
Data\scripts\OuttakeScreenTest.lub	711
Data\scripts\OutTakeTheLandThatWormsForgot.lub	711
Data\scripts\OuttakeTinCanWally.lub	981
Data\scripts\pack-w3d.lub	12058
Data\scripts\pegasus-w3d.lub	30719
Data\scripts\PLAICE-w3d.lub	20847
Data\scripts\presentation.lub	3069
Data\scripts\PublisherMulti.lub	3005
Data\scripts\PublisherMultiAI.lub	2692
Data\scripts\RelayRace.lub	2515
Data\scripts\RobInTheHood.lub	4234
Data\scripts\rum-w3d.lub	10111
Data\scripts\SCHOOLS-w3d.lub	11631
Data\scripts\selftest.lub	4470
Data\scripts\SentryScripted.lub	8998
Data\scripts\SentryTest.lub	2921
Data\scripts\SHOWDOWN-w3d.lub	12577
Data\scripts\smoketest.lub	3218
Data\scripts\SneakyBridgeThieves.lub	4672
Data\scripts\StatueDefend.lub	2733
Data\scripts\stdlib.lub	4507
Data\scripts\stdvs.lub	7232
Data\scripts\StormTheCastle.lub	6502
Data\scripts\Survivor.lub	2817
Data\scripts\test.lub	7480
Data\scripts\Test16Worms.lub	5054
Data\scripts\TheCrateEscape.lub	3216
Data\scripts\TheLandThatWormsForgot.lub	3746
Data\scripts\TheWindyWizard.lub	6684
Data\scripts\timbers-w3d.lub	24674
Data\scripts\TinCanWally.lub	7635
Data\scripts\TraitorousWaters.lub	11437
Data\scripts\treevillage-w3d.lub	18123
Data\scripts\TRIAL-w3d.lub	24522
Data\scripts\TurkishDeLights.lub	6717
Data\scripts\Tutorial1.lub	15927
Data\scripts\Tutorial2.lub	11564
Data\scripts\Tutorial3.lub	11640
Data\scripts\ValleyOfDinoWorms.lub	3782
Data\scripts\Wormpot.lub	9809
Data\SHOWDOWN-W3D.XOM	709
Data\SNEAKYBRIDGETHIEVES.XOM	12106
Data\STATUEDEFEND.XOM	3607
Data\STORMTHECASTLE.XOM	21360
Data\THECRATEESCAPE.XOM	9590
Data\THELANDTHATWORMSFORGOT.XOM	13122
Data\Themes\Custom\Bank01\THIS FOLDER TUTORIAL1.txt	0
Data\Themes\Custom\Bank02\B02 Texture List.txt	38
Data\Themes\Custom\Bank02\THIS FOLDER TUTORIAL2.txt	0
Data\Themes\Custom\Bank03\B03 Texture List.txt	38
Data\Themes\Custom\Bank03\Loch Ness Steps.txt	1635
Data\Themes\Custom\Bank03\THIS FOLDER TUTORIAL3.txt	0
Data\Themes\Custom\Bank04\B04 Texture List.txt	38
Data\Themes\Custom\Bank05\B05 Texture List.txt	38
Data\Themes\Custom\Bank05\THIS FOLDER DINER MIGHT.txt	0
Data\Themes\Custom\Bank06\B06 Texture List.txt	38
Data\Themes\Custom\Bank06\THIS FOLDER DESTRUCT AND SERVE.txt	0
Data\Themes\Custom\Bank07\B07 Texture List.txt	38
Data\Themes\Custom\Bank07\Crate Britain.txt	1684
Data\Themes\Custom\Bank07\THIS FOLDER WORMWIGS BIG RIG JIG.txt	0
Data\Themes\Custom\Bank08\B08 Texture List.txt	38
Data\Themes\Custom\Bank09\B09 Texture List.txt	38
Data\Themes\Custom\Bank10\B10 Texture List.txt	38
Data\Themes\ThemeArabian\A Detail List.txt	220
Data\Themes\ThemeArabian\A Texture List.txt	1469
Data\Themes\ThemeArabian\ThemeArabian.txt	2534
Data\Themes\ThemeArctic\ThemeArctic.txt	2435
Data\Themes\ThemeBuilding\B Detail List.txt	188
Data\Themes\ThemeBuilding\B Texture List.txt	1469
Data\Themes\ThemeBuilding\ThemeBuilding.txt	2633
Data\Themes\ThemeCamelot\C Detail List.txt	209
Data\Themes\ThemeCamelot\C Texture List.txt	1469
Data\Themes\ThemeCamelot\ThemeCamelot.txt	2594
Data\Themes\ThemeEngland\ThemeEngland.txt	2436
Data\Themes\ThemeHorror\H Detail List.txt	191
Data\Themes\ThemeHorror\H Texture List.txt	1110
Data\Themes\ThemeHorror\ThemeHorror.txt	2457
Data\Themes\ThemeLunar\LDetail list.txt	225
Data\Themes\ThemeLunar\texture list.txt	1166
Data\Themes\ThemeLunar\ThemeLunar.txt	2599
Data\Themes\ThemePirate\T Detail List.txt	188
Data\Themes\ThemePirate\T Texture List.txt	1469
Data\Themes\ThemePirate\ThemePirate.txt	2406
Data\Themes\ThemePrehistoric\P Detail List.txt	247
Data\Themes\ThemePrehistoric\P Texture List.txt	1469
Data\Themes\ThemePrehistoric\ThemePrehistoric.txt	2510
Data\Themes\ThemeWar\ThemeWar.txt	2422
Data\Themes\ThemeWildwest\ThemeWildWest.txt	2584
Data\Themes\ThemeWildwest\W Detail List.txt	273
Data\Themes\ThemeWildwest\W Texture List.txt	1469
Data\THEWINDYWIZARD.XOM	26006
Data\THISGAMEDOESDRAGON.XOM	4918
Data\TIMBERS-W3D.XOM	698
Data\TINCANWALLY.XOM	21256
Data\TRAITOROUSWATERS.XOM	26346
Data\TREEVILLAGE-W3D.XOM	707
Data\TRIAL-W3D.XOM	924
Data\TURKISHDELIGHTS.XOM	15877
Data\TUTORIAL1.XOM	29654
Data\TUTORIAL2.XOM	24935
Data\TUTORIAL3.XOM	26948
Data\Tweak\AITWK.XOM	11676
Data\Tweak\CAMTWK.XOM	7696
Data\Tweak\DEFSAVE.XOM	67538
Data\Tweak\EMPTY.XOM	257
Data\Tweak\HUDTWK.XOM	8810
Data\Tweak\LOCAL.XOM	97926
Data\Tweak\LVLSETUP.XOM	9013
Data\Tweak\MENUTWK.XOM	556
Data\Tweak\MENUTWKX.XOM	309942
Data\Tweak\MENUTWKX2.XOM	45284
Data\Tweak\MENUTWKXBOX.XOM	2494
Data\Tweak\MENUTWKXINGAME.XOM	113714
Data\Tweak\MENUTWKXJAMES.XOM	257
Data\Tweak\MENUTWKXNET.XOM	128508
Data\Tweak\MENUTWKXPCCOMMON.XOM	66591
Data\Tweak\MENUTWKXPCEURO.XOM	257
Data\Tweak\MENUTWKXPCPOLISH.XOM	3119
Data\Tweak\MENUTWKXPCUSA.XOM	3119
Data\Tweak\MENUTWKXPS2COMMON.XOM	63550
Data\Tweak\MENUTWKXPS2EURO.XOM	257
Data\Tweak\MENUTWKXPS2USA.XOM	3381
Data\Tweak\MENUTWKXPS3COMMON.XOM	65503
Data\Tweak\MENUTWKXSTEVE.XOM	441
Data\Tweak\MENUTWKXXBOXCOMMON.XOM	65550
Data\Tweak\OVERRIDEPARTTWK.XOM	5611
Data\Tweak\PARTTWK.XOM	444537
Data\Tweak\PARTTWKPS2.XOM	246986
Data\Tweak\PERSIST.XOM	74357
Data\Tweak\PERSISTNET.XOM	753
Data\Tweak\PERSISTPC.XOM	59436
Data\Tweak\PERSISTPS3.XOM	29940
Data\Tweak\PERSISTXBOX.XOM	29603
Data\Tweak\SCRIPTS.XOM	41053
Data\Tweak\STATS.XOM	4475
Data\Tweak\TWEAK.XOM	14414
Data\Tweak\WEAPTWK.XOM	26356
Data\Tweak\WORMACTING.XOM	72419
Data\Tweak\WORMATTACHMENTS.XOM	76841
Data\unitcube.xom	4150
Data\VALLEYOFDINOWORMS.XOM	21043
Data\WEAPONSTEST.XOM	766
Data\WORMWIGSBIGRIGJIG.XOM	5154
Default.cfg	139
EFMV\BuildingSiteSaboteurs\LIP.txt	5448
EFMV\CarpetCapers\LIP.txt	5164
EFMV\ChuteToVictory\LIP.txt	5876
EFMV\DestructAndServe\LIP.txt	7658
EFMV\DinerMight\LIP.txt	7272
EFMV\DoomCanyon\LIP.txt	5146
EFMV\EscapeFromTreeRex\LIP.txt	5589
EFMV\FastFoodDino\LIP.txt	3014
EFMV\GhostHillGraveyard\LIP.txt	3996
EFMV\GibbonTake\LIP.txt	6321
EFMV\HighNoonHiJinx\LIP.txt	6505
EFMV\JoustAboutIt\LIP.txt	5755
EFMV\MineAllMine\LIP.txt	6188
EFMV\NiceToSiegeYou\LIP.txt	7450
EFMV\NoRoomForError\LIP.txt	2457
EFMV\OuttakeDestructAndServe\LIP.txt	1411
EFMV\OuttakeGhostHillGraveyard\LIP.txt	616
EFMV\OuttakeJoustAboutIt\LIP.txt	3391
EFMV\OuttakeMineAllMine\LIP.txt	3172
EFMV\OuttakeRecordingBooth\LIP.txt	22210
EFMV\OuttakeTheLandThatWormsForgot\LIP.txt	3120
EFMV\OuttakeTinCanWally\LIP.txt	1036
EFMV\RobInTheHood\LIP.txt	4024
EFMV\SneakyBridgeThieves\LIP.txt	4632
EFMV\StormTheCastle\LIP.txt	5573
EFMV\TheCrateEscape\LIP.txt	4555
EFMV\TheLandThatWormsForgot\LIP.txt	7761
EFMV\TheWindyWizard\LIP.txt	5699
EFMV\TinCanWally\LIP.txt	10858
EFMV\TraitorousWaters\LIP.txt	6223
EFMV\TurkishDelight\LIP.txt	5968
EFMV\TurkishDelights\LIP.txt	5982
EFMV\Tutorial1\LIP.txt	1163
EFMV\Tutorial2\LIP.txt	1369
EFMV\ValleyOfDinoWorms\LIP.txt	7976
fmod_event.dll	307200
fmodex.dll	798720
glut32.dll	258048
installscript.vdf	733
lang_eng	16
Launcher.exe	647168
MemoryBufferedFilter.dll	58368
RegVideoDLL.exe	8192
speech\voalien\LIP.txt	31833
speech\voastro\LIP.txt	26149
speech\vobarre\LIP.txt	21409
speech\voblues\LIP.txt	27382
speech\vobobby\LIP.txt	29622
speech\vobuild\LIP.txt	23206
speech\vocad\LIP.txt	8853
speech\vocave\LIP.txt	15506
speech\voclassi\LIP.txt	17261
speech\voconfu\LIP.txt	21925
speech\vocowbo\LIP.txt	14406
speech\vocyber\LIP.txt	17022
speech\vodevvo\LIP.txt	15755
speech\vodino\LIP.txt	21337
speech\vodisco\LIP.txt	18693
speech\vodoubl\LIP.txt	17217
speech\vofighter\LIP.txt	11245
speech\vogshow\LIP.txt	26065
speech\vohorro\LIP.txt	29897
speech\voklein\LIP.txt	26356
speech\voknigh\LIP.txt	16968
speech\vol33t\LIP.txt	7326
speech\vomeme\LIP.txt	5860
speech\vopirate\LIP.txt	15285
speech\voprofe\LIP.txt	16494
speech\vorock\LIP.txt	21465
speech\voRussian\LIP.txt	19265
speech\voscot\LIP.txt	17561
speech\voscous\LIP.txt	13750
speech\vosuper\LIP.txt	19814
speech\vothief\LIP.txt	18658
speech\vowhoop\LIP.txt	21341
speech\vowizar\LIP.txt	20650
steam_api.dll	124712
WormsMayhem.exe	5713408
